id,listing_id,link
1,1,https://photos.zillowstatic.com/fp/c69010c60159d5d6c130d1b306832dab-p_h.jpg
2,1,https://photos.zillowstatic.com/fp/a63eab47267e4300f17d70086f0188bf-p_c.jpg
3,1,https://photos.zillowstatic.com/fp/908128cb69fd1b78cff94d78c6f63746-p_c.jpg
4,1,https://photos.zillowstatic.com/fp/1bcdaddc9c3b96938bd3d3784160be55-p_c.jpg
5,1,https://photos.zillowstatic.com/fp/1237f37bb3efe768e5a83729bb27a268-p_c.jpg
6,1,https://photos.zillowstatic.com/fp/356173e6b1562e3b606a7b454f37a9d7-p_c.jpg
7,1,https://photos.zillowstatic.com/fp/69b0b0d28c6f103e1e41dd2372b82b7b-p_c.jpg
8,1,https://photos.zillowstatic.com/fp/eacc1155820d33bdb2ff93d097fcdd2c-p_c.jpg
9,1,https://photos.zillowstatic.com/fp/2c03160e74c7323b08e5327144b6f765-p_c.jpg
10,1,https://photos.zillowstatic.com/fp/267b2775c30ad3da6bf5bb77cd0f655b-p_c.jpg
11,1,https://photos.zillowstatic.com/fp/86bbc7854f797c68babc02ccb63adfae-p_c.jpg
12,1,https://photos.zillowstatic.com/fp/a16e30ad90dc33618d255225a0b09d84-p_c.jpg
13,1,https://photos.zillowstatic.com/fp/b18b21038ec247bdb91120f609e0efbe-p_c.jpg
14,1,https://photos.zillowstatic.com/fp/b39674b9375ec81a39df54cf7d461f27-p_c.jpg
15,1,https://photos.zillowstatic.com/fp/972f0a68456334a78e3974c3379468b7-p_c.jpg
16,1,https://photos.zillowstatic.com/fp/1308209516933c4af1630518935d6a91-p_c.jpg
17,1,https://photos.zillowstatic.com/fp/c90572e125b1980db45a00da999fff7a-p_c.jpg
18,1,https://photos.zillowstatic.com/fp/8d1d0d207bac6b3db9258bfc3aeed08d-p_c.jpg
19,1,https://photos.zillowstatic.com/fp/3f4d6c8738574c359b71e3e2b05f5a7e-p_c.jpg
20,1,https://photos.zillowstatic.com/fp/a7aac0c10f9be8eed1bdab2de561c1bf-p_c.jpg
21,1,https://photos.zillowstatic.com/fp/e4cdbac35aa71bcb1c4103eafa8276d7-p_c.jpg
22,1,https://photos.zillowstatic.com/fp/da926a7a73cfd23504f5753f7ead6d09-p_c.jpg
23,1,https://photos.zillowstatic.com/fp/60902c3ae3522a4035e57e140e3e4492-p_c.jpg
24,1,https://photos.zillowstatic.com/fp/1be8247702aa52c1a4a001970542e5af-p_c.jpg
25,1,https://photos.zillowstatic.com/fp/423f7d2bc2109aa19321d376240ceb6d-p_c.jpg
26,2,https://photos.zillowstatic.com/fp/f59158fcafd2b937bc9ca9f799643ffd-p_h.jpg
27,2,https://photos.zillowstatic.com/fp/567025036aabb29346fa441c9ff22666-p_c.jpg
28,2,https://photos.zillowstatic.com/fp/cf9a436a1d97802c5bd234f2da41a0e5-p_c.jpg
29,2,https://photos.zillowstatic.com/fp/4f85c5dbbcd8d476b2852315071aeb3a-p_c.jpg
30,2,https://photos.zillowstatic.com/fp/0687e03a3b9cece3c2b9bc3a93a9ca00-p_c.jpg
31,2,https://photos.zillowstatic.com/fp/fcfe60ae7aa41ccdd7708c9bd0acb85c-p_c.jpg
32,2,https://photos.zillowstatic.com/fp/3d801d5181dcd9bf4d21376b850e1497-p_c.jpg
33,2,https://photos.zillowstatic.com/fp/9725a85c6e6d7fffd0654d58694b8d46-p_c.jpg
34,2,https://photos.zillowstatic.com/fp/0c857fdf51134ffd05881d98894d1b27-p_c.jpg
35,2,https://photos.zillowstatic.com/fp/ec54e30cf6c76810e967a347b3069712-p_c.jpg
36,2,https://photos.zillowstatic.com/fp/1f7e2da40a05cdedfff239482425ab55-p_c.jpg
37,2,https://photos.zillowstatic.com/fp/3a38eaa01816746462c839cb122b4cd3-p_c.jpg
38,2,https://photos.zillowstatic.com/fp/fd165d04451824db24d8f44bcd73abb3-p_c.jpg
39,2,https://photos.zillowstatic.com/fp/16702402da7cd75e768648d43507a658-p_c.jpg
40,2,https://photos.zillowstatic.com/fp/5454c61acff43df2b9ce5e7d37cec753-p_c.jpg
41,2,https://photos.zillowstatic.com/fp/bcdd78e0c26c0375f3f86a338e5b5fb3-p_c.jpg
42,2,https://photos.zillowstatic.com/fp/2cf3c474d51fc31a16cccffa5ee41130-p_c.jpg
43,2,https://photos.zillowstatic.com/fp/65221cd1adb1d0cd40e1bac5f403fef3-p_c.jpg
44,2,https://photos.zillowstatic.com/fp/5f9e98397b87d9a2f80356ad538b5eb0-p_c.jpg
45,2,https://photos.zillowstatic.com/fp/b12f0b21016fb7379dbc81348e1f2ff1-p_c.jpg
46,2,https://photos.zillowstatic.com/fp/9bf3b46cf3e731107b91cbeadc15f031-p_c.jpg
47,2,https://photos.zillowstatic.com/fp/f520e3996108c22127210e57d5894b9f-p_c.jpg
48,2,https://photos.zillowstatic.com/fp/a4aa496be6de8736c0751d7d69a3c003-p_c.jpg
49,2,https://photos.zillowstatic.com/fp/0fc45c71b7789ce5ea03fe0770689939-p_c.jpg
50,2,https://photos.zillowstatic.com/fp/0527512c738d82a0ac534494de0a5d85-p_c.jpg
51,2,https://photos.zillowstatic.com/fp/08a4449854177f2a6a2f1f5cd4c1f233-p_c.jpg
52,2,https://photos.zillowstatic.com/fp/d1506bc95ec7b291c6021976fb6a1f5a-p_c.jpg
53,3,https://photos.zillowstatic.com/fp/15ffae53d4edad7d12f87ef030e12401-p_h.jpg
54,3,https://photos.zillowstatic.com/fp/6cd0ec72362082781a5a4641db1679af-p_c.jpg
55,3,https://photos.zillowstatic.com/fp/f992a66c31e9b5fe06a947ad2f1a401d-p_c.jpg
56,3,https://photos.zillowstatic.com/fp/54594bca779e7f5aacdd450989c18e00-p_c.jpg
57,3,https://photos.zillowstatic.com/fp/fbca9bb4138cdb99cb4a8b3d38c80efe-p_c.jpg
58,3,https://photos.zillowstatic.com/fp/aafd47e35041122b55d90601ae4a1cd5-p_c.jpg
59,3,https://photos.zillowstatic.com/fp/866f877e0e0f5f26f44da186ba5dcf52-p_c.jpg
60,3,https://photos.zillowstatic.com/fp/01cca988f5b94e0aa1fc3b13f4eb68a5-p_c.jpg
61,3,https://photos.zillowstatic.com/fp/3aba65a0b4471d810e06786f5ef3d630-p_c.jpg
62,3,https://photos.zillowstatic.com/fp/58f1812ad085b366db9f727933499ddb-p_c.jpg
63,3,https://photos.zillowstatic.com/fp/8d0490df5ea404fe5485f7726e0d8c20-p_c.jpg
64,3,https://photos.zillowstatic.com/fp/c653b288f5e25376d2ee570bd8572b66-p_c.jpg
65,4,https://maps.googleapis.com/maps/api/streetview?location=200+Broadway%2C+Troy%2C+NY+12180&amp;size=550x413&amp;key=AIzaSyARFMLB1na-BBWf7_R3-5YOQQaHqEJf6RQ&amp;source=outdoor&amp;&amp;signature=36kYCVKGZomRSW_7YCd9xOUDE5A=
66,5,https://photos.zillowstatic.com/fp/243eb45d4083517fe39d5e68d3135e8f-p_h.jpg
67,5,https://photos.zillowstatic.com/fp/7c8159497a55f2ba49f7a805d40f0ab1-p_c.jpg
68,5,https://photos.zillowstatic.com/fp/9a7bad4d0622223320e8c2e13f35bc68-p_c.jpg
69,5,https://photos.zillowstatic.com/fp/a71932ad9c35ab5121f9e7079cab5bb6-p_c.jpg
70,5,https://photos.zillowstatic.com/fp/42a40c4b82e9c15cd00bc9ff81b7de82-p_c.jpg
71,5,https://photos.zillowstatic.com/fp/a0b25cf5c769c748e1aa823c9368d5cd-p_c.jpg
72,5,https://photos.zillowstatic.com/fp/730ed9ee8ff089690dae71123b2aa783-p_c.jpg
73,5,https://photos.zillowstatic.com/fp/c61264cd7e07c20d69fdb3f9b1cc7cd1-p_c.jpg
74,5,https://photos.zillowstatic.com/fp/0260ba79b118fe4cbef74464751e9d0d-p_c.jpg
75,5,https://photos.zillowstatic.com/fp/978e8cdc5b4e3f9935a4af255498555e-p_c.jpg
76,5,https://photos.zillowstatic.com/fp/0348799aae173daf9cbb159b6b83f8fd-p_c.jpg
77,5,https://photos.zillowstatic.com/fp/f179426aaf7372710bfca851b8934c0f-p_c.jpg
78,5,https://photos.zillowstatic.com/fp/7013f9f05930e75aa966262155226113-p_c.jpg
79,5,https://photos.zillowstatic.com/fp/32153c44f0d05767c9bed8c38dad7c88-p_c.jpg
80,5,https://photos.zillowstatic.com/fp/c8ae7caf639063faf664a2d57f538323-p_c.jpg
81,5,https://photos.zillowstatic.com/fp/bcacf18f9229aec081452a6211b9b07a-p_c.jpg
82,5,https://photos.zillowstatic.com/fp/1d81f7668d08792731f4725f6248d1c2-p_c.jpg
83,5,https://photos.zillowstatic.com/fp/d5dbd632aa7be04be2efd473ed78eda5-p_c.jpg
84,5,https://photos.zillowstatic.com/fp/b54547e4afaf1a33203fd06682789c38-p_c.jpg
85,5,https://photos.zillowstatic.com/fp/2b975b185dbc10bce3a7314fa1ca4b39-p_c.jpg
86,6,https://photos.zillowstatic.com/fp/0986ad194b11d3be8c3f5ed412db9da1-p_h.jpg
87,6,https://photos.zillowstatic.com/fp/5f5a5a0240e4a369459f12b3339fc567-p_c.jpg
88,6,https://photos.zillowstatic.com/fp/71e7b64cf189f5507903bff537dfa5e8-p_c.jpg
89,6,https://photos.zillowstatic.com/fp/45fd64b344648bb1e6955d4656ff58bc-p_c.jpg
90,6,https://photos.zillowstatic.com/fp/7ed9e1eba62cf9273ce76f5983a773d8-p_c.jpg
91,6,https://photos.zillowstatic.com/fp/3712772bdb75c9b93be40c284ba7c574-p_c.jpg
92,6,https://photos.zillowstatic.com/fp/4211bcbfc3b64fd18515a92f7b4d9078-p_c.jpg
93,6,https://photos.zillowstatic.com/fp/ba60bf55c8b951d2f70132f0578c5587-p_c.jpg
94,7,https://photos.zillowstatic.com/fp/e1d71df5c1ab8d39a6d69365d2ec6a12-p_h.jpg
95,7,https://photos.zillowstatic.com/fp/7ac0e7e16d415a74f8f93b9fbf1f8cde-p_c.jpg
96,7,https://photos.zillowstatic.com/fp/a985f4b771aa3fb3ad9ba3e01d61928e-p_c.jpg
97,7,https://photos.zillowstatic.com/fp/e17a566285161e898f99d994122000e6-p_c.jpg
98,7,https://photos.zillowstatic.com/fp/1e8db9842f30423c5712314b103d6cc4-p_c.jpg
99,7,https://photos.zillowstatic.com/fp/261e36a89c38512c34c643ec2c1afd37-p_c.jpg
100,7,https://photos.zillowstatic.com/fp/634edc9bd778781bd67909d4d69cb093-p_c.jpg
101,7,https://photos.zillowstatic.com/fp/4f1af629762f0903c261b4c84cdadaa6-p_c.jpg
102,7,https://photos.zillowstatic.com/fp/5bc088c2d6420ba96aacc2025d90c223-p_c.jpg
103,7,https://photos.zillowstatic.com/fp/f12e685c41c530d940c6640a6db70eb7-p_c.jpg
104,7,https://photos.zillowstatic.com/fp/04213ccac8ac669aa0cfcfba4ecd7b65-p_c.jpg
105,7,https://photos.zillowstatic.com/fp/073d0d14980c79e15b5ac1823be3da00-p_c.jpg
106,7,https://photos.zillowstatic.com/fp/5cb648ea1f92143c5c72d156fe602ab3-p_c.jpg
107,7,https://photos.zillowstatic.com/fp/09de5714e8167b55701566e13b41a609-p_c.jpg
108,7,https://photos.zillowstatic.com/fp/ab63d637df23bbf3354eafb3587c7f0c-p_c.jpg
109,7,https://photos.zillowstatic.com/fp/c0440c86c8ac8dfffdc096da1df82860-p_c.jpg
110,7,https://photos.zillowstatic.com/fp/7d403023f961dc26788471049238b306-p_c.jpg
111,7,https://photos.zillowstatic.com/fp/d07d6fd771bbd55f1abfeaa8cd1d9c44-p_c.jpg
112,7,https://photos.zillowstatic.com/fp/bf0360bbe052bc4ccb9d0b788fc90d8a-p_c.jpg
113,7,https://photos.zillowstatic.com/fp/2953f0905a77ae6ba7d191ae0d2c175c-p_c.jpg
114,7,https://photos.zillowstatic.com/fp/e7c6cb850340fca96f61260ce2e37c62-p_c.jpg
115,7,https://photos.zillowstatic.com/fp/9e15ac1a4ba4c55a4829bc03e230003f-p_c.jpg
116,7,https://photos.zillowstatic.com/fp/7b148c9013a059e6e360ef50961b1d9e-p_c.jpg
117,7,https://photos.zillowstatic.com/fp/0a94ad8cc430e1cac9661b1bd5415ac9-p_c.jpg
118,7,https://photos.zillowstatic.com/fp/79f89fd8a2a87785f86795f43c130159-p_c.jpg
119,7,https://photos.zillowstatic.com/fp/860d4c4b67e27c680781045a81797d9a-p_c.jpg
120,7,https://photos.zillowstatic.com/fp/99b255a99827ea9485cca0a95353f5f2-p_c.jpg
121,7,https://photos.zillowstatic.com/fp/4185921116547c8d0bd50ee125b6bac0-p_c.jpg
122,7,https://photos.zillowstatic.com/fp/d428beba75cb20f6db398f6b7461a917-p_c.jpg
123,7,https://photos.zillowstatic.com/fp/46f5e0542604b18266a1e8baa1b00a89-p_c.jpg
124,7,https://photos.zillowstatic.com/fp/ece2d42d044001c980d32babe0c61a38-p_c.jpg
125,7,https://photos.zillowstatic.com/fp/b773c304c41d5d7400bc473423876194-p_c.jpg
126,8,https://photos.zillowstatic.com/fp/a344bc1c315c1f9ac7e1403e5c98cd0f-p_h.jpg
127,8,https://photos.zillowstatic.com/fp/75aedca667b353b94eb068c206a58f30-p_c.jpg
128,8,https://photos.zillowstatic.com/fp/fde06901747a6c0582d75344bd1d195d-p_c.jpg
129,8,https://photos.zillowstatic.com/fp/c87f1cfa1e56b354e9ff6f6e177c5e81-p_c.jpg
130,8,https://photos.zillowstatic.com/fp/8129ee945ffc268fdd1d69bf3e5453c3-p_c.jpg
131,9,https://photos.zillowstatic.com/fp/6a4f26aedbe8f5b86afdb03aa68119f5-p_h.jpg
132,9,https://photos.zillowstatic.com/fp/3c9b11291d1ee37055b37e6bc6f84930-p_c.jpg
133,9,https://photos.zillowstatic.com/fp/142f3c7f80babd8b487ade4d1501bfea-p_c.jpg
134,9,https://photos.zillowstatic.com/fp/cf27252631423d9f081a62bbbd9d9b03-p_c.jpg
135,9,https://photos.zillowstatic.com/fp/e94cc0424a336f7867803caa1ac8e609-p_c.jpg
136,10,https://photos.zillowstatic.com/fp/25907df92e87d7c33f94771845e4fb11-p_h.jpg
137,10,https://photos.zillowstatic.com/fp/6a0959b7bf8494f225665d88e442aa5e-p_c.jpg
138,10,https://photos.zillowstatic.com/fp/9a5335f5b79f45dad582c0157cb16540-p_c.jpg
139,10,https://photos.zillowstatic.com/fp/d7932a4a626f71168d78dd689d63c383-p_c.jpg
140,10,https://photos.zillowstatic.com/fp/b38707e81e8efe0ea4a5a721f2510dfc-p_c.jpg
141,10,https://photos.zillowstatic.com/fp/f8ab4ae1bf1ccd9eddcd8fd0714d834c-p_c.jpg
142,10,https://photos.zillowstatic.com/fp/901918ca3442a6c22b947ef47095146d-p_c.jpg
143,10,https://photos.zillowstatic.com/fp/ec4d08d83a2938c1aa89f17b6dca53a7-p_c.jpg
144,10,https://photos.zillowstatic.com/fp/998f0bc5f2e2767f756d300b093a27e1-p_c.jpg
145,10,https://photos.zillowstatic.com/fp/838d9e4535e45b63f762596a0ef9a315-p_c.jpg
146,10,https://photos.zillowstatic.com/fp/de43c855b6503b4678c1e913966bb399-p_c.jpg
147,10,https://photos.zillowstatic.com/fp/9eb465efd49995f62cb363e49d93d8d4-p_c.jpg
148,10,https://photos.zillowstatic.com/fp/52e5a522cdbca936be72db2bf5c119e9-p_c.jpg
149,10,https://photos.zillowstatic.com/fp/b70944c21b0c3ecca1391af96b965c6b-p_c.jpg
150,10,https://photos.zillowstatic.com/fp/27dd4fdab1bc3302c83ffeb30e180c92-p_c.jpg
151,10,https://photos.zillowstatic.com/fp/10112ee4d262e71a38d95c4b8d1438cc-p_c.jpg
152,10,https://photos.zillowstatic.com/fp/9ce810ed851b6cf1d8a6017ab8bf9256-p_c.jpg
153,10,https://photos.zillowstatic.com/fp/ec564471a6478cbfabc0151df1f9ac5a-p_c.jpg
154,10,https://photos.zillowstatic.com/fp/14a62192ac1a091defee06bf207eec3d-p_c.jpg
155,10,https://photos.zillowstatic.com/fp/d852c44da3784c74f6942031ab1f094b-p_c.jpg
156,10,https://photos.zillowstatic.com/fp/221ae1546d3582bd276a448e61e2d324-p_c.jpg
157,10,https://photos.zillowstatic.com/fp/9f4aed75c484e2dd821945425c7ede91-p_c.jpg
158,10,https://photos.zillowstatic.com/fp/d4e436ad9f15f1df898e03177df1d86e-p_c.jpg
159,10,https://photos.zillowstatic.com/fp/735c99e91d236b8da37596824fff82e8-p_c.jpg
160,10,https://photos.zillowstatic.com/fp/530c27111eb1ce5f336846681c3889b7-p_c.jpg
161,10,https://photos.zillowstatic.com/fp/28a55850efddea1e38cb79b8ee38a35d-p_c.jpg
162,10,https://photos.zillowstatic.com/fp/5d68906b989b8ab7c5d7177b4b65f4f5-p_c.jpg
163,10,https://photos.zillowstatic.com/fp/c55f9705b9caba8c53fa2d08e7bf569c-p_c.jpg
164,10,https://photos.zillowstatic.com/fp/fc6291232bbdc38aaf7bcce4c53be93e-p_c.jpg
165,10,https://photos.zillowstatic.com/fp/165251a7346aa7d283bb620c51157704-p_c.jpg
166,10,https://photos.zillowstatic.com/fp/8308eabe649823ec143ac3480a959bda-p_c.jpg
167,10,https://photos.zillowstatic.com/fp/6e09d71c3305bca23a4382f2957936f5-p_c.jpg
168,10,https://photos.zillowstatic.com/fp/c9a466d600200191785a34fa17bded3d-p_c.jpg
169,10,https://photos.zillowstatic.com/fp/05249fb232e9cdd76999f78a317460bd-p_c.jpg
170,10,https://photos.zillowstatic.com/fp/30e72c7d879a7d4880952f288a3a0c7d-p_c.jpg
171,10,https://photos.zillowstatic.com/fp/9e20eb0c4d9f51746c94f400966e63ea-p_c.jpg
172,10,https://photos.zillowstatic.com/fp/e62b66d1804df703ae96856b94d87a81-p_c.jpg
173,10,https://photos.zillowstatic.com/fp/58b3a5dd280d64e6ebfca6c20812d629-p_c.jpg
174,10,https://photos.zillowstatic.com/fp/50082525ba132b9a30b0dbb2659e9c7a-p_c.jpg
175,10,https://photos.zillowstatic.com/fp/eb0fc4542a2185062dda3c811c16cf27-p_c.jpg
176,10,https://photos.zillowstatic.com/fp/45bd8143a4a0015d95f57d3638b55ad0-p_c.jpg
177,10,https://photos.zillowstatic.com/fp/cb81138687f708bf49f12df886e003a9-p_c.jpg
178,10,https://photos.zillowstatic.com/fp/5ab087737e7c40d040d7a7f604d14836-p_c.jpg
179,10,https://photos.zillowstatic.com/fp/945eecf84fa59c2dd86862a65457f470-p_c.jpg
180,10,https://photos.zillowstatic.com/fp/d42b12a8ec10bd85d2c3b2109bd2284d-p_c.jpg
181,11,https://photos.zillowstatic.com/fp/8b4c7b58063d9909776bc93337829d04-p_h.jpg
182,11,https://photos.zillowstatic.com/fp/575c6116bd5a13c342dba4637a7417ca-p_c.jpg
183,11,https://photos.zillowstatic.com/fp/b584e402d1eb255e1d67dfce310c79e9-p_c.jpg
184,11,https://photos.zillowstatic.com/fp/2c6e9185599c6efcc88c21b6b0d7215b-p_c.jpg
185,11,https://photos.zillowstatic.com/fp/15917a224623d505577bf661ec19c095-p_c.jpg
186,11,https://photos.zillowstatic.com/fp/a12ce06388ce2d4d1ecd34c9690c3c47-p_c.jpg
187,11,https://photos.zillowstatic.com/fp/2ead6bbf8503c064337b9259ec0aad73-p_c.jpg
188,11,https://photos.zillowstatic.com/fp/11bd98f7c7133d4ecb32f1bebefd0bd4-p_c.jpg
189,12,https://photos.zillowstatic.com/fp/e2d4325f9ff51e3149dbc9a5e0a35744-p_h.jpg
190,12,https://photos.zillowstatic.com/fp/6d14fbd8a394432de89de6924cc40275-p_c.jpg
191,12,https://photos.zillowstatic.com/fp/3c459339c5e3370ba60f3ecaf745b716-p_c.jpg
192,12,https://photos.zillowstatic.com/fp/168a024c48c96ff051372e9970ceee7c-p_c.jpg
193,12,https://photos.zillowstatic.com/fp/f012da4036db907947a69f79734cb0da-p_c.jpg
194,12,https://photos.zillowstatic.com/fp/d6a9180a83ba979ca788f11a1ea92e73-p_c.jpg
195,12,https://photos.zillowstatic.com/fp/b000fe00da3f2772be528c1678326c24-p_c.jpg
196,12,https://photos.zillowstatic.com/fp/776ff509773955f9a048a51d4c2af865-p_c.jpg
197,12,https://photos.zillowstatic.com/fp/a7fa418cd5ef4765396ea19c9b0edc5c-p_c.jpg
198,12,https://photos.zillowstatic.com/fp/d1e865c51f79826ff8ce8cd8bcb86f52-p_c.jpg
199,12,https://photos.zillowstatic.com/fp/e9de862eebce7b3ce92b9eb8fa09bdee-p_c.jpg
200,12,https://photos.zillowstatic.com/fp/4ed3d6b5f4378fd4efc6c0eb9511d20b-p_c.jpg
201,12,https://photos.zillowstatic.com/fp/bb0d03c4b84413f937ea5c3b9ce0d954-p_c.jpg
202,12,https://photos.zillowstatic.com/fp/754748db29c6bb66a23ee96c6b30ea48-p_c.jpg
203,12,https://photos.zillowstatic.com/fp/3900320f4c29bb20daf99c11754764e7-p_c.jpg
204,13,https://photos.zillowstatic.com/fp/4072ee67658a1340435c96c7309d1adb-p_h.jpg
205,13,https://photos.zillowstatic.com/fp/5ba680dbb1022d99e0cd0311e133c253-p_c.jpg
206,13,https://photos.zillowstatic.com/fp/3bdf0bde97dd6761fb827b179419db2d-p_c.jpg
207,13,https://photos.zillowstatic.com/fp/1d14fc7b9d48b554e0d76fbdcb969b05-p_c.jpg
208,13,https://photos.zillowstatic.com/fp/59ec60a010d27afb5758a0c2b96ae3c8-p_c.jpg
209,13,https://photos.zillowstatic.com/fp/daaef47b6c502a7a47c23c65e30d985d-p_c.jpg
210,13,https://photos.zillowstatic.com/fp/a10be2f167892720aa4f5db96a9e9979-p_c.jpg
211,13,https://photos.zillowstatic.com/fp/364d5d59c3e074b70000fb958d879e3c-p_c.jpg
212,13,https://photos.zillowstatic.com/fp/10d3f13b5dd481fe450d6290e17de6fb-p_c.jpg
213,14,https://photos.zillowstatic.com/fp/40b63a25ebeafc270944b7decc2d0ae4-p_h.jpg
214,14,https://photos.zillowstatic.com/fp/1a4da2546b10f8ce45991fe3ad4f41d5-p_c.jpg
215,14,https://photos.zillowstatic.com/fp/8947d582b5f1a6d18f1c50d7f0573ff9-p_c.jpg
216,14,https://photos.zillowstatic.com/fp/0be4ba0102df1241007a4cc802d26475-p_c.jpg
217,14,https://photos.zillowstatic.com/fp/73d5b28facb4d5e273569e6f0b8f036e-p_c.jpg
218,14,https://photos.zillowstatic.com/fp/a304c8e94294e25687acfc1252b0236c-p_c.jpg
219,14,https://photos.zillowstatic.com/fp/6bee8e3a6d532d43a01c2dfcb24c62b5-p_c.jpg
220,14,https://photos.zillowstatic.com/fp/d8f3ba833da5755764a3b1e492b4b1df-p_c.jpg
221,15,https://photos.zillowstatic.com/fp/452ad0f01a2fde8a33d595482c64f06c-p_h.jpg
222,15,https://photos.zillowstatic.com/fp/456404a6bacaed6b053fd411263989b9-p_c.jpg
223,15,https://photos.zillowstatic.com/fp/1ef4ea4b4b5b9d7cefd1e9342d024133-p_c.jpg
224,15,https://photos.zillowstatic.com/fp/5de6d17cf60de8fbbaecc99193ea3f23-p_c.jpg
225,15,https://photos.zillowstatic.com/fp/23e25e8efac00fb7d101814592ee1912-p_c.jpg
226,15,https://photos.zillowstatic.com/fp/4fadd9bc191cd122d48429f5f2ec92b9-p_c.jpg
227,15,https://photos.zillowstatic.com/fp/441d22111f2e7692157993cffd789924-p_c.jpg
228,15,https://photos.zillowstatic.com/fp/425db75691c83b4d1eb53b4e05d29383-p_c.jpg
229,15,https://photos.zillowstatic.com/fp/7f2855daf57c2a69d50b72b994451132-p_c.jpg
230,15,https://photos.zillowstatic.com/fp/9a4b026c06042416c7bafefa1c15aebb-p_c.jpg
231,15,https://photos.zillowstatic.com/fp/04fcb167f87d909771f460ffabf016bc-p_c.jpg
232,15,https://photos.zillowstatic.com/fp/f5dd8dd980c4e1dce8bcc38b48b596cb-p_c.jpg
233,15,https://photos.zillowstatic.com/fp/bab764ead576d6ea90cd74a1ee2a5946-p_c.jpg
234,15,https://photos.zillowstatic.com/fp/89f8a575ab011beff20f5960725aeaa3-p_c.jpg
235,15,https://photos.zillowstatic.com/fp/9ce18ae44a3d39dee6343b2913fd5c00-p_c.jpg
236,15,https://photos.zillowstatic.com/fp/74ee34d17c1477e1eb69f22c844f36af-p_c.jpg
237,15,https://photos.zillowstatic.com/fp/96080f8f49a653df7b888f8022f0c869-p_c.jpg
238,15,https://photos.zillowstatic.com/fp/232b67d70745b26d8d57f49d12b90321-p_c.jpg
239,15,https://photos.zillowstatic.com/fp/ce207d1fdb070ff5626a26a3feabc2ed-p_c.jpg
240,15,https://photos.zillowstatic.com/fp/aed528a223b5fc88e2bb6eea2531de67-p_c.jpg
241,15,https://photos.zillowstatic.com/fp/235c9678459ad7283523f1ca9e18f6e4-p_c.jpg
242,15,https://photos.zillowstatic.com/fp/cdd62b632c55338029ca729572300b45-p_c.jpg
243,15,https://photos.zillowstatic.com/fp/c95a8d28c754de12c2c810637b52b281-p_c.jpg
244,15,https://photos.zillowstatic.com/fp/458b1090f983828db8d03504babef311-p_c.jpg
245,15,https://photos.zillowstatic.com/fp/345f352475874345e413203ee4a1e33d-p_c.jpg
246,15,https://photos.zillowstatic.com/fp/a026b9f5041eb5a8a7742db7fee704c4-p_c.jpg
247,15,https://photos.zillowstatic.com/fp/ac6c6a6df1cc7ab91c5fcae6edf01866-p_c.jpg
248,15,https://photos.zillowstatic.com/fp/10629d60b96a588dce21ae8315e21f6d-p_c.jpg
249,15,https://photos.zillowstatic.com/fp/9a26286fe8065e2d6b59f2235cf11cca-p_c.jpg
250,15,https://photos.zillowstatic.com/fp/66bab65935d3ab4a4dc8536485d1b0ca-p_c.jpg
251,16,https://photos.zillowstatic.com/fp/79d5034a1a899cdb14627d0136c8d023-p_h.jpg
252,16,https://photos.zillowstatic.com/fp/1149427fee353354d1ed14799009fcc9-p_c.jpg
253,16,https://photos.zillowstatic.com/fp/52893991856df77dd86fdfd708fe1aba-p_c.jpg
254,16,https://photos.zillowstatic.com/fp/ae22b1cc6d1a8d8eea18d1f0a494723e-p_c.jpg
255,16,https://photos.zillowstatic.com/fp/62fb4323e03bd206148002f7f0464798-p_c.jpg
256,16,https://photos.zillowstatic.com/fp/08eb76239eb9e13fc65814d0662f5e06-p_c.jpg
257,16,https://photos.zillowstatic.com/fp/228f64c23cd39676e158df979ac409ef-p_c.jpg
258,16,https://photos.zillowstatic.com/fp/dd67797d46f0148ff8378688cb00141b-p_c.jpg
259,16,https://photos.zillowstatic.com/fp/5ac485c3a8603cb64b6bbfc2954ba782-p_c.jpg
260,16,https://photos.zillowstatic.com/fp/62142e5448d86bc529c61d56945d34dc-p_c.jpg
261,16,https://photos.zillowstatic.com/fp/34769decfcaf2e64513ebf1dc2b455df-p_c.jpg
262,16,https://photos.zillowstatic.com/fp/14fe8cc853d98cdfa843da414cc46f33-p_c.jpg
263,16,https://photos.zillowstatic.com/fp/fa5bdfb83f37e15e279c872e3ac15053-p_c.jpg
264,17,https://photos.zillowstatic.com/fp/a11c90af613ce0f6fce6e7862a882425-p_h.jpg
265,17,https://photos.zillowstatic.com/fp/6467ecee584e12caba0f3c8a9a5f0c08-p_c.jpg
266,17,https://photos.zillowstatic.com/fp/6905789819752ab50cd084b22b827cd3-p_c.jpg
267,17,https://photos.zillowstatic.com/fp/ec74c325af63c5a80952392062be5f61-p_c.jpg
268,17,https://photos.zillowstatic.com/fp/ed74d0e95242d44452f284a79c8180a9-p_c.jpg
269,17,https://photos.zillowstatic.com/fp/1156d055ac6220814290a1fe5df729f2-p_c.jpg
270,17,https://photos.zillowstatic.com/fp/ea2dfa401c060bffd2fbe8dcd5e9f9c1-p_c.jpg
271,17,https://photos.zillowstatic.com/fp/59aa45e12b2dc8d7e03c5791148dbf91-p_c.jpg
272,17,https://photos.zillowstatic.com/fp/c70bb85890b846951b5172394bbc12f6-p_c.jpg
273,17,https://photos.zillowstatic.com/fp/9fc97a2565fae20c095016792293e0d1-p_c.jpg
274,17,https://photos.zillowstatic.com/fp/a0ea08678f48dfbb780971640ee00330-p_c.jpg
275,17,https://photos.zillowstatic.com/fp/d22c770a43aabdabd0636715e5d8edc4-p_c.jpg
276,17,https://photos.zillowstatic.com/fp/6713f9c8012ac9e9eae228d43e46546a-p_c.jpg
277,17,https://photos.zillowstatic.com/fp/112dfe61c6274e80eab316606fe99bc9-p_c.jpg
278,17,https://photos.zillowstatic.com/fp/f69d0edd279ee7c42f840b9f1785ec9a-p_c.jpg
279,17,https://photos.zillowstatic.com/fp/cfc61c97ee555eb17c35af2879b0af4f-p_c.jpg
280,17,https://photos.zillowstatic.com/fp/6e77ed460b30dd77e50751ef1b9d6ab5-p_c.jpg
281,17,https://photos.zillowstatic.com/fp/7c629088b3ff0ab486030eca147e3c9f-p_c.jpg
282,17,https://photos.zillowstatic.com/fp/65254caa19b8fb7486c4e0cd17f1532b-p_c.jpg
283,17,https://photos.zillowstatic.com/fp/eae6afc3891013d3bc7f955168593b62-p_c.jpg
284,17,https://photos.zillowstatic.com/fp/c592650f30e746dc2d47dba92997718f-p_c.jpg
285,17,https://photos.zillowstatic.com/fp/7a630100b2e72d41aa6167a7b0961494-p_c.jpg
286,17,https://photos.zillowstatic.com/fp/5f3d913ec5946bb9f4d0f688aa19d1c3-p_c.jpg
287,17,https://photos.zillowstatic.com/fp/bc563534aac92e68f8f73872f33cde60-p_c.jpg
288,17,https://photos.zillowstatic.com/fp/ba8dd426294f003929df8503fac58349-p_c.jpg
289,17,https://photos.zillowstatic.com/fp/e7229166575101f9c17b4d071fa2fcfe-p_c.jpg
290,17,https://photos.zillowstatic.com/fp/c7959b5bb130617fca8eff4cddc24d1a-p_c.jpg
291,17,https://photos.zillowstatic.com/fp/96849d2375295c2982df80321a96da3c-p_c.jpg
292,17,https://photos.zillowstatic.com/fp/cc4a3097495ac6e455b6353d94c0856f-p_c.jpg
293,17,https://photos.zillowstatic.com/fp/9721ebba336cea2eaa52822003a3823b-p_c.jpg
294,17,https://photos.zillowstatic.com/fp/926e5581308686153da4bee9e57c2dbb-p_c.jpg
295,17,https://photos.zillowstatic.com/fp/6191670550133e6c1d5cba77123fc03b-p_c.jpg
296,17,https://photos.zillowstatic.com/fp/9628ac37453b3ec430fdfdca2a5be9f4-p_c.jpg
297,17,https://photos.zillowstatic.com/fp/1bad6292dcececd442cc4f907673fc8d-p_c.jpg
298,17,https://photos.zillowstatic.com/fp/3e7d57fa058acda0ce2add20a224e951-p_c.jpg
299,17,https://photos.zillowstatic.com/fp/06bde3986e5f6976f42c66bad3abcdc0-p_c.jpg
300,17,https://photos.zillowstatic.com/fp/a29277099c8a9768ffa8330c627b2a28-p_c.jpg
301,17,https://photos.zillowstatic.com/fp/167ff9cc2e51b32d5681e6fe845c7070-p_c.jpg
302,17,https://photos.zillowstatic.com/fp/ace6b065f4807a99552263a4f95e48a6-p_c.jpg
303,17,https://photos.zillowstatic.com/fp/0cf24f94289d0482d7784b3b07fae3d9-p_c.jpg
304,18,https://photos.zillowstatic.com/fp/5cf27a730cdb732b8c99dbdea6a3ad80-p_h.jpg
305,18,https://photos.zillowstatic.com/fp/90daf405f1b969818e7375ccaec7705b-p_c.jpg
306,18,https://photos.zillowstatic.com/fp/f04e6b9806ea18a2f7cef4c00826f2cc-p_c.jpg
307,18,https://photos.zillowstatic.com/fp/72fb8e32bc6e1d270da21c57edef5118-p_c.jpg
308,18,https://photos.zillowstatic.com/fp/6e7a1f5c02838a8e7cc34ec17f06936e-p_c.jpg
309,18,https://photos.zillowstatic.com/fp/84ad24cde57231e1f9e6a1b4acbeb766-p_c.jpg
310,18,https://photos.zillowstatic.com/fp/e5790d3f3bbd671d9e738df0d1d577d2-p_c.jpg
311,18,https://photos.zillowstatic.com/fp/3456a92fdc726b5148c47988d71ba404-p_c.jpg
312,18,https://photos.zillowstatic.com/fp/36bb8daaface1bef9161558b99c35bef-p_c.jpg
313,18,https://photos.zillowstatic.com/fp/569dd5049959580052c49271046960c0-p_c.jpg
314,18,https://photos.zillowstatic.com/fp/77bb3c702ce62e5694a362fa76a9ccd0-p_c.jpg
315,18,https://photos.zillowstatic.com/fp/ab09dc513a53c71b284f95ea0e2def23-p_c.jpg
316,18,https://photos.zillowstatic.com/fp/ba328ea383e8f7c561f82148b8ba9127-p_c.jpg
317,18,https://photos.zillowstatic.com/fp/bc745a16502916ed417c111cc67e5e53-p_c.jpg
318,18,https://photos.zillowstatic.com/fp/f9008d45c3dfe26d75c921df0fa75840-p_c.jpg
319,18,https://photos.zillowstatic.com/fp/ef3c324af5096a0da53c2339cb45b5b2-p_c.jpg
320,18,https://photos.zillowstatic.com/fp/4304a26b1cc3c6d2ff05ee7510566858-p_c.jpg
321,19,https://photos.zillowstatic.com/fp/df55e83b8db4618026562d938d790bc7-p_h.jpg
322,19,https://photos.zillowstatic.com/fp/0890265f6eb75af008675160449ddfe9-p_c.jpg
323,19,https://photos.zillowstatic.com/fp/2160411dd5ad9e9e8834519443f9464f-p_c.jpg
324,19,https://photos.zillowstatic.com/fp/f96ba398602f0c831039eea562acdab9-p_c.jpg
325,19,https://photos.zillowstatic.com/fp/23d9243c01ea30c2b4547fd91d4e1346-p_c.jpg
326,19,https://photos.zillowstatic.com/fp/e870c99bf2567532afdf6fadb25d28d5-p_c.jpg
327,19,https://photos.zillowstatic.com/fp/c29ac1a18c639607147bb80f0dd43d2f-p_c.jpg
328,19,https://photos.zillowstatic.com/fp/ea68ac59b879496f9044a0d642fab8a0-p_c.jpg
329,19,https://photos.zillowstatic.com/fp/1e0ad020bd73c92f9735c2fec9687d65-p_c.jpg
330,19,https://photos.zillowstatic.com/fp/ea0fba862671087887090dcd09c3008b-p_c.jpg
331,19,https://photos.zillowstatic.com/fp/d1c4c330a2c095118dcfb1687a4aa175-p_c.jpg
332,19,https://photos.zillowstatic.com/fp/043906c494c437895ee5b767ab685d90-p_c.jpg
333,20,https://photos.zillowstatic.com/fp/85ed3742eaa38ab71a6b4f10621cb5ec-p_h.jpg
334,20,https://photos.zillowstatic.com/fp/4cc9e9b4a3ce1ff47677a6c0f766185e-p_c.jpg
335,20,https://photos.zillowstatic.com/fp/33b41f10e35d312952720f8f755fc9c1-p_c.jpg
336,20,https://photos.zillowstatic.com/fp/93a24a6d250cef923d89f4f5ff31021d-p_c.jpg
337,20,https://photos.zillowstatic.com/fp/4055386c0a6f27d99416700b23cfb3d5-p_c.jpg
338,20,https://photos.zillowstatic.com/fp/2a8e23c343d8484716db6a018962a54a-p_c.jpg
339,20,https://photos.zillowstatic.com/fp/564e61168b20a03fa08ca8e9f9823759-p_c.jpg
340,20,https://photos.zillowstatic.com/fp/f024ff2339c6a80a31b6490805b3ec5e-p_c.jpg
341,20,https://photos.zillowstatic.com/fp/f82f03588cc03a9c00212c666c59dd65-p_c.jpg
342,20,https://photos.zillowstatic.com/fp/b94e0c9068be9d4916376a6be86322a4-p_c.jpg
343,20,https://photos.zillowstatic.com/fp/539ded685999fa68919062078da06429-p_c.jpg
344,20,https://photos.zillowstatic.com/fp/4222b6c3a71cd55241345d75ad69d6c9-p_c.jpg
345,20,https://photos.zillowstatic.com/fp/ed0f554dce276e27ae34177a9b7d1278-p_c.jpg
346,20,https://photos.zillowstatic.com/fp/8db50d79a8094f89fc705a848f0a90ee-p_c.jpg
347,20,https://photos.zillowstatic.com/fp/dc9b0d28d94e015af000bee3a5097816-p_c.jpg
348,20,https://photos.zillowstatic.com/fp/bd2f00e66cdf4ec12c7bc49f1b0289ba-p_c.jpg
349,20,https://photos.zillowstatic.com/fp/dc814bc5d6e945c6a102d0e0894c5066-p_c.jpg
350,20,https://photos.zillowstatic.com/fp/03decae7d6d539b281fba42929d351ef-p_c.jpg
351,20,https://photos.zillowstatic.com/fp/9ec90ebbc02cd69eb970be9d0bd65b0f-p_c.jpg
352,20,https://photos.zillowstatic.com/fp/0faaf6ff596b3c1ea4f22085a13f0b23-p_c.jpg
353,20,https://photos.zillowstatic.com/fp/055050beb653a8a39e009593a73dfb58-p_c.jpg
354,20,https://photos.zillowstatic.com/fp/50d9b86f66bbfeecc240262ff97e5eaf-p_c.jpg
355,20,https://photos.zillowstatic.com/fp/2c07b15a0fb2802e7f17247512572d3a-p_c.jpg
356,20,https://photos.zillowstatic.com/fp/b43dab261826e47ae92d8c1647765446-p_c.jpg
357,20,https://photos.zillowstatic.com/fp/27a9cce60cf54d531c45f033ef3767b5-p_c.jpg
358,20,https://photos.zillowstatic.com/fp/a99c193ab1d3a679954a75e7d6baee8c-p_c.jpg
359,21,https://photos.zillowstatic.com/fp/c805b06f6ec829c943d0a4e603e1e18e-p_h.jpg
360,21,https://photos.zillowstatic.com/fp/bd603bb0a14a6726507bebed680f351d-p_c.jpg
361,21,https://photos.zillowstatic.com/fp/b63a154693da07ac1c8cbf5d6308250e-p_c.jpg
362,21,https://photos.zillowstatic.com/fp/6026bbc9473342d5a038d50e55ec5a93-p_c.jpg
363,21,https://photos.zillowstatic.com/fp/34c2bb7bc44429a4803786d21e11d553-p_c.jpg
364,21,https://photos.zillowstatic.com/fp/f671dda2e98025daf7e75a52e0eb2b97-p_c.jpg
365,21,https://photos.zillowstatic.com/fp/d1b60e6fc22929642fb91dc3d0dc41ed-p_c.jpg
366,21,https://photos.zillowstatic.com/fp/4c3cd49841252cb6ad94e0fd24867991-p_c.jpg
367,21,https://photos.zillowstatic.com/fp/1fa076b1e30eac7e8ca8a7d6e03b25a8-p_c.jpg
368,21,https://photos.zillowstatic.com/fp/c367885e98afd35453249949eb820d14-p_c.jpg
369,21,https://photos.zillowstatic.com/fp/56ec0f24d5a235dfd92e3762c2f1aea2-p_c.jpg
370,21,https://photos.zillowstatic.com/fp/9cb56211afa1fe85ae6f0cfce21cf868-p_c.jpg
371,21,https://photos.zillowstatic.com/fp/9855d7261be52258f4bb163977a54b2b-p_c.jpg
372,21,https://photos.zillowstatic.com/fp/0524079e9e88904d38bbc2a9b0c8c903-p_c.jpg
373,22,https://photos.zillowstatic.com/fp/9426058e7e4b42c54d8d7aa17aea16dd-p_h.jpg
374,22,https://photos.zillowstatic.com/fp/f2cb27060a79fbc3e6213440ebd8a789-p_c.jpg
375,22,https://photos.zillowstatic.com/fp/b0a9821284e6382df095c043c9f48d10-p_c.jpg
376,22,https://photos.zillowstatic.com/fp/69d17a459dfee90d32c7c586146026b3-p_c.jpg
377,22,https://photos.zillowstatic.com/fp/94996839a107c4c69d21b31c5e9a9dd7-p_c.jpg
378,22,https://photos.zillowstatic.com/fp/ec491bc312affd8c8c5043c28a451c17-p_c.jpg
379,22,https://photos.zillowstatic.com/fp/30baeab5c9469a39047df17d4e6c7592-p_c.jpg
380,22,https://photos.zillowstatic.com/fp/090e778be2c2304ee2711eb215eeeb9c-p_c.jpg
381,23,https://photos.zillowstatic.com/fp/91f5a4ba2452f0a669eb54053c2f1fd9-p_h.jpg
382,23,https://photos.zillowstatic.com/fp/91305e59c7329c0801ecb6de68342850-p_c.jpg
383,23,https://photos.zillowstatic.com/fp/725b8de889c908473d7043a6d5e0403a-p_c.jpg
384,23,https://photos.zillowstatic.com/fp/6ea00716b4ab0a6b681a43cc216917b8-p_c.jpg
385,23,https://photos.zillowstatic.com/fp/3d989ea4c37be18f022f340595dd4ac7-p_c.jpg
386,23,https://photos.zillowstatic.com/fp/8b202ee77241123cc073efb19376c50b-p_c.jpg
387,23,https://photos.zillowstatic.com/fp/631ac64130867cd6a8470df683771943-p_c.jpg
388,23,https://photos.zillowstatic.com/fp/996eb83444f80734b9f847cc0d44f1d3-p_c.jpg
389,23,https://photos.zillowstatic.com/fp/159fb2d9240a28fc48e377d320ddb319-p_c.jpg
390,24,https://photos.zillowstatic.com/fp/92485a6cf1031183e34b9eff68e017db-p_h.jpg
391,24,https://photos.zillowstatic.com/fp/d94e92bb7acf60d9c3a7105d88745b3e-p_c.jpg
392,24,https://photos.zillowstatic.com/fp/d7a114b06b56c987dd997719c9af9f08-p_c.jpg
393,24,https://photos.zillowstatic.com/fp/a8cfa7419592385d6f2e37477cf39d00-p_c.jpg
394,24,https://photos.zillowstatic.com/fp/0577988f80e5aea02d2fd500ce54610c-p_c.jpg
395,24,https://photos.zillowstatic.com/fp/1fc2005f0a9fbf72e93a3a0fabba1f25-p_c.jpg
396,24,https://photos.zillowstatic.com/fp/cc1eb7dda0cb269e9529693369071fcc-p_c.jpg
397,24,https://photos.zillowstatic.com/fp/2eace9985b7653da9f2ffa5d61a06de4-p_c.jpg
398,25,https://photos.zillowstatic.com/fp/dcd44cb5684cbdcffb3447426af69909-p_h.jpg
399,25,https://photos.zillowstatic.com/fp/c05c243315bef2ba35c6a31280271007-p_c.jpg
400,25,https://photos.zillowstatic.com/fp/a8faa2059f99d619add0187c2b3b5da6-p_c.jpg
401,25,https://photos.zillowstatic.com/fp/69c5840a2ec7afaa156d3bd57409147c-p_c.jpg
402,25,https://photos.zillowstatic.com/fp/a8654d358f8278d6dcf068a9230fbf42-p_c.jpg
403,25,https://photos.zillowstatic.com/fp/092199bef89a4d128b1e7c3afcfaa5bb-p_c.jpg
404,25,https://photos.zillowstatic.com/fp/3dee4ff5c7f76842d78a73a0fa4e248d-p_c.jpg
405,25,https://photos.zillowstatic.com/fp/554872d09ca3715ff1a0ab8beae46fd7-p_c.jpg
406,25,https://photos.zillowstatic.com/fp/c868b39b033826d5689de948a23f5d91-p_c.jpg
407,26,https://photos.zillowstatic.com/fp/65fae46887bd87f7bc3a41a5f937bb5f-p_h.jpg
408,26,https://photos.zillowstatic.com/fp/531d19f1d53556a418f54c3b5bc7cc59-p_c.jpg
409,26,https://photos.zillowstatic.com/fp/7d9acaca847d6afa1cd060d688be6e52-p_c.jpg
410,26,https://photos.zillowstatic.com/fp/43c608c9a0cadb1349a1ed61997d1115-p_c.jpg
411,26,https://photos.zillowstatic.com/fp/1c7b88251394b923624d98e5e5fdcb4b-p_c.jpg
412,26,https://photos.zillowstatic.com/fp/9053425195bab49ad5816ef11bc7a8b3-p_c.jpg
413,26,https://photos.zillowstatic.com/fp/5948920dc7f494bb6662e5fa8283ccb6-p_c.jpg
414,26,https://photos.zillowstatic.com/fp/5c2898d9815eab7e5ae91397c6a85c1a-p_c.jpg
415,26,https://photos.zillowstatic.com/fp/eb6a05e33e97dd5fe940a4864c194ca6-p_c.jpg
416,26,https://photos.zillowstatic.com/fp/a7997f193cb2f11fda43439a3ee6ec05-p_c.jpg
417,26,https://photos.zillowstatic.com/fp/055ef9fe2eb9215c44ce1de5938ff4a1-p_c.jpg
418,26,https://photos.zillowstatic.com/fp/a5ba1e8b0365b4bc7a71e6f0cfc2cd13-p_c.jpg
419,26,https://photos.zillowstatic.com/fp/567dc88fb98bebe1fb1cd4b2cc8d504d-p_c.jpg
420,26,https://photos.zillowstatic.com/fp/38400ed7db367d71823c9c2134295deb-p_c.jpg
421,27,https://photos.zillowstatic.com/fp/4e83696c92635a84349e8d01d3fdad7e-p_h.jpg
422,27,https://photos.zillowstatic.com/fp/f0ed43a908ee17921bbaee0fa6567c8f-p_c.jpg
423,27,https://photos.zillowstatic.com/fp/2b4b8a3bb0cca08d3da1751441efc7f6-p_c.jpg
424,27,https://photos.zillowstatic.com/fp/4a86a3eb2c2fc6189e4b7df8a6ffba98-p_c.jpg
425,27,https://photos.zillowstatic.com/fp/8784d126a9523d91822aedc07446c83f-p_c.jpg
426,27,https://photos.zillowstatic.com/fp/7570bb63e45cdd6136b0c8dc90edabce-p_c.jpg
427,27,https://photos.zillowstatic.com/fp/858d3e5c0d25061591649f89f4d41f61-p_c.jpg
428,27,https://photos.zillowstatic.com/fp/88d31ca695c9e3104ea68947a46f7f71-p_c.jpg
429,27,https://photos.zillowstatic.com/fp/0e3f05778c11e6f26ee26ed901a2abc9-p_c.jpg
430,27,https://photos.zillowstatic.com/fp/c8ae4441b909217b031b42c79c3476fe-p_c.jpg
431,27,https://photos.zillowstatic.com/fp/695e810c01dc1e96ce90f654a0ce466a-p_c.jpg
432,28,https://photos.zillowstatic.com/fp/390bf9e647e66128bdf82f486eec8945-p_h.jpg
433,28,https://photos.zillowstatic.com/fp/5ca6173fabb453d5c5c3d6a66512a81a-p_c.jpg
434,28,https://photos.zillowstatic.com/fp/22f760a0a4abad884a779f8639b83425-p_c.jpg
435,28,https://photos.zillowstatic.com/fp/a960fee8aec0540cacb1d5097a56b96a-p_c.jpg
436,28,https://photos.zillowstatic.com/fp/fd93e65619fbe58cdbc63e1aaeda6704-p_c.jpg
437,28,https://photos.zillowstatic.com/fp/b717a60bc6fa5fe331ab702be46ab4a4-p_c.jpg
438,28,https://photos.zillowstatic.com/fp/7fa94752a7917b224edcb37ee8d783f3-p_c.jpg
439,28,https://photos.zillowstatic.com/fp/b26274f46c8ee89183b5748669de8f3e-p_c.jpg
440,28,https://photos.zillowstatic.com/fp/3b62bc216434adc83f0449e670610d38-p_c.jpg
441,28,https://photos.zillowstatic.com/fp/e96cbb7e1010c0e2a5b3dfe32295d511-p_c.jpg
442,28,https://photos.zillowstatic.com/fp/f0ccd30d437e80ef2e83720523d413f3-p_c.jpg
443,28,https://photos.zillowstatic.com/fp/49af9463ec987bb89881126721aead6c-p_c.jpg
444,28,https://photos.zillowstatic.com/fp/1e5aa1039da177b0ae4cf559d94dd498-p_c.jpg
445,28,https://photos.zillowstatic.com/fp/36d5a8265f9574421bb7c8154c7c1019-p_c.jpg
446,28,https://photos.zillowstatic.com/fp/2c5faa54492eb583a1b76decbd91a0bf-p_c.jpg
447,28,https://photos.zillowstatic.com/fp/eabe65282ba42b68e2278ec5c95dd121-p_c.jpg
448,28,https://photos.zillowstatic.com/fp/eb60f1fbccc843ee20afa0404b7a176a-p_c.jpg
449,28,https://photos.zillowstatic.com/fp/a9b14ec283d3865ef9f6ac0fe382c04e-p_c.jpg
450,29,https://photos.zillowstatic.com/fp/1428e2db6e87b6aee7b422bc3a38e76b-p_h.jpg
451,29,https://photos.zillowstatic.com/fp/d756cdeae271c7e60b829b76d2053b92-p_c.jpg
452,29,https://photos.zillowstatic.com/fp/e9f80d1019554a67eaa693261a95673f-p_c.jpg
453,29,https://photos.zillowstatic.com/fp/893f94fe19d34b0d22344f1c59772825-p_c.jpg
454,30,https://photos.zillowstatic.com/fp/bce95f517ee8ca1ba8dfd8fdbf769475-p_h.jpg
455,30,https://photos.zillowstatic.com/fp/52fa6b0dd0443cb34f814e0378123c9c-p_c.jpg
456,30,https://photos.zillowstatic.com/fp/ac2c0605ca9acafd02686b928268c806-p_c.jpg
457,30,https://photos.zillowstatic.com/fp/ed3949516aabeffae23a7d12507f30c1-p_c.jpg
458,30,https://photos.zillowstatic.com/fp/f74fb5cabf9e66afffb2b4c9b5f756fa-p_c.jpg
459,30,https://photos.zillowstatic.com/fp/0faea0ac9210bb9ae8675b1d91558f16-p_c.jpg
460,30,https://photos.zillowstatic.com/fp/34796a6744823ed808db92c04bea627a-p_c.jpg
461,30,https://photos.zillowstatic.com/fp/96d1fb4e6ea64633eceac18f5cfbfacb-p_c.jpg
462,31,https://photos.zillowstatic.com/fp/e479677450efaf142d8b155cc42af5c8-p_h.jpg
463,31,https://photos.zillowstatic.com/fp/e7998c7df5771a766892a9ee4a6f0911-p_c.jpg
464,31,https://photos.zillowstatic.com/fp/3209a3212c9ac575f0bd1af10305aef6-p_c.jpg
465,31,https://photos.zillowstatic.com/fp/dbc7b39f0aa219b3d8ac9a8046430220-p_c.jpg
466,31,https://photos.zillowstatic.com/fp/ea44c289873dbba56715d642250ad558-p_c.jpg
467,31,https://photos.zillowstatic.com/fp/c72fc64dc57242cba29483af0edb23ff-p_c.jpg
468,31,https://photos.zillowstatic.com/fp/b6dfe042075f89f4a0fa88f4be479df7-p_c.jpg
469,31,https://photos.zillowstatic.com/fp/33f5f9509d94e2623867ab1ccc777e9d-p_c.jpg
470,31,https://photos.zillowstatic.com/fp/ad70d569394544492f3cb6a0cb958d85-p_c.jpg
471,31,https://photos.zillowstatic.com/fp/dc4c936b0d8c6aa9448fb41d29de371d-p_c.jpg
472,31,https://photos.zillowstatic.com/fp/c0c98e5d86e685c0e920006dca33e807-p_c.jpg
473,31,https://photos.zillowstatic.com/fp/1201aa3a375c9afc680df3f3997a05a2-p_c.jpg
474,31,https://photos.zillowstatic.com/fp/04907c8ea0a55490a3d2e2eb5b3ad769-p_c.jpg
475,31,https://photos.zillowstatic.com/fp/a8e92b4af18b7f52c5692dd920323ffe-p_c.jpg
476,31,https://photos.zillowstatic.com/fp/85a12b7cfcf625200e1dd082b0dac95c-p_c.jpg
477,31,https://photos.zillowstatic.com/fp/8bd2cdbf11c28a983cea9e78bf058319-p_c.jpg
478,31,https://photos.zillowstatic.com/fp/9f8546685ede5d65954039e7a1681e07-p_c.jpg
479,31,https://photos.zillowstatic.com/fp/fae65936deb7b32698c276a556a41565-p_c.jpg
480,31,https://photos.zillowstatic.com/fp/10d76fb72bfeb3abda4ecfcf2df6e818-p_c.jpg
481,32,https://photos.zillowstatic.com/fp/9edabb38220c8149e9872c2f84d9cd9c-p_h.jpg
482,32,https://photos.zillowstatic.com/fp/a1274929c526d897b92d78327aa1646b-p_c.jpg
483,32,https://photos.zillowstatic.com/fp/b559f630c6af803d52dc7371ba05506a-p_c.jpg
484,32,https://photos.zillowstatic.com/fp/4cb37b08a19c5df0859d238668185703-p_c.jpg
485,32,https://photos.zillowstatic.com/fp/57fefa42713ffe7f68b632d1ec0dbb3f-p_c.jpg
486,32,https://photos.zillowstatic.com/fp/c8a6b7c28edd88f8f2116576c72685ee-p_c.jpg
487,32,https://photos.zillowstatic.com/fp/34f77d0bb85daa04854ec938bff7d7ff-p_c.jpg
488,32,https://photos.zillowstatic.com/fp/fee4536fe3da694de5694358e798287d-p_c.jpg
489,32,https://photos.zillowstatic.com/fp/c5c23fb513ab1854f08939729da6a320-p_c.jpg
490,32,https://photos.zillowstatic.com/fp/123be217e59c1f671ff06cee2ea9c554-p_c.jpg
491,32,https://photos.zillowstatic.com/fp/eaa57f78b539aba517b54510bc328085-p_c.jpg
492,32,https://photos.zillowstatic.com/fp/5f1f5234a7a483e146e9c09429201fde-p_c.jpg
493,32,https://photos.zillowstatic.com/fp/8c9a4e7e8e1b945c844e72c320a02789-p_c.jpg
494,32,https://photos.zillowstatic.com/fp/72308311a955304a6696c8dc9da6e1ce-p_c.jpg
495,32,https://photos.zillowstatic.com/fp/563c079bb5307289415dbeba81c0b42a-p_c.jpg
496,32,https://photos.zillowstatic.com/fp/516a77cf485351b6064e7c9adf9bf92e-p_c.jpg
497,32,https://photos.zillowstatic.com/fp/251e6257ec55918314bdbd5f74af8141-p_c.jpg
498,32,https://photos.zillowstatic.com/fp/1096dd2d48211044e20a6d724ffc1f17-p_c.jpg
499,32,https://photos.zillowstatic.com/fp/cf8a8b2992b31e43a0a6e67c14f8d674-p_c.jpg
500,32,https://photos.zillowstatic.com/fp/8acd609b124c3b5ee8317d12a8075276-p_c.jpg
501,32,https://photos.zillowstatic.com/fp/e856f199f1f80da2d0ad7f7e376eb3a7-p_c.jpg
502,32,https://photos.zillowstatic.com/fp/6f7f841693b04eff016948e0736dbd0d-p_c.jpg
503,32,https://photos.zillowstatic.com/fp/1b0af074f34ea0cebe3fee0bea8cefa6-p_c.jpg
504,32,https://photos.zillowstatic.com/fp/48fe64d0d79a34f11094f21aa22fb3a9-p_c.jpg
505,32,https://photos.zillowstatic.com/fp/72c749e91bbc0505d89fe8b06b086e51-p_c.jpg
506,32,https://photos.zillowstatic.com/fp/9bf58bb5ad86705075d989c6a5d06971-p_c.jpg
507,32,https://photos.zillowstatic.com/fp/e39a0bbba732bbc8984510a5f0a97d94-p_c.jpg
508,32,https://photos.zillowstatic.com/fp/90bbeb3e4c983f4d2864bfadc76a2f28-p_c.jpg
509,32,https://photos.zillowstatic.com/fp/5bcf0af408559f6da5de836f57ecbd53-p_c.jpg
510,32,https://photos.zillowstatic.com/fp/d2896e28f76406e1258ce8bb2cb97cf5-p_c.jpg
511,32,https://photos.zillowstatic.com/fp/5b7654d2539bfe97ca20fa32a6704c65-p_c.jpg
512,32,https://photos.zillowstatic.com/fp/da0ec8d1cce4965ca758c1dd59eaab28-p_c.jpg
513,32,https://photos.zillowstatic.com/fp/0cbe4f20b0774bbd81e1b6b820bcbb62-p_c.jpg
514,33,https://photos.zillowstatic.com/fp/90b617e65d114debd4dcfd9b684066cc-p_h.jpg
515,33,https://photos.zillowstatic.com/fp/9a0017c90b49afb5ea41eb3a11c52c98-p_c.jpg
516,33,https://photos.zillowstatic.com/fp/ffcafff2677880019316f749cefe18ce-p_c.jpg
517,33,https://photos.zillowstatic.com/fp/78d5c332b595ba9ef6b48fe27a2a9da8-p_c.jpg
518,33,https://photos.zillowstatic.com/fp/f0f5021f85c1040730378cebe5083af9-p_c.jpg
519,33,https://photos.zillowstatic.com/fp/6fd5b7fb9f1269ac7b23fb20ccb04046-p_c.jpg
520,33,https://photos.zillowstatic.com/fp/cc925a0b3055ba08448b80960f3bb8ca-p_c.jpg
521,33,https://photos.zillowstatic.com/fp/02f23332b3fd79d52a840f8c4732eaa9-p_c.jpg
522,33,https://photos.zillowstatic.com/fp/e02e29e8825dcf5dd70e8c3c84de5b5f-p_c.jpg
523,33,https://photos.zillowstatic.com/fp/9d0315f1d5a0d646d3ca64982d5ea674-p_c.jpg
524,33,https://photos.zillowstatic.com/fp/4b8f21329e7ac76a3ad2134d87d0eced-p_c.jpg
525,33,https://photos.zillowstatic.com/fp/1a0a4d49df5c0a2911e76d6f268ae4f3-p_c.jpg
526,33,https://photos.zillowstatic.com/fp/adfa53b5196eaf07487224e07898adb0-p_c.jpg
527,33,https://photos.zillowstatic.com/fp/5105493540cc74a3785bf43ce5316670-p_c.jpg
528,33,https://photos.zillowstatic.com/fp/99833194f70853e85ca0e8443e9d8d71-p_c.jpg
529,33,https://photos.zillowstatic.com/fp/5a550f3ee45733478d3d57b399df1b0e-p_c.jpg
530,33,https://photos.zillowstatic.com/fp/1aa3d05b9646cf6b1dacdbd6b39193b2-p_c.jpg
531,33,https://photos.zillowstatic.com/fp/ceaf36001d73c697918229436632e389-p_c.jpg
532,33,https://photos.zillowstatic.com/fp/47b7336f301441403b85e7f269602304-p_c.jpg
533,33,https://photos.zillowstatic.com/fp/8d6271d8773dc3598cd33145d883c456-p_c.jpg
534,33,https://photos.zillowstatic.com/fp/5cc875f340e0cd1c7b6298f4e60afb2d-p_c.jpg
535,33,https://photos.zillowstatic.com/fp/821671c96d37698c49ad6695c2f66801-p_c.jpg
536,33,https://photos.zillowstatic.com/fp/d5953e182ac4739ddfdf90c7b5ca0f29-p_c.jpg
537,33,https://photos.zillowstatic.com/fp/cd410cd66dd80e45b2cbde970bfeca7a-p_c.jpg
538,34,https://photos.zillowstatic.com/fp/bf1e40350b7936bcf7a7ceca5195520a-p_h.jpg
539,34,https://photos.zillowstatic.com/fp/448187144bd95103366b32f4cbb22a17-p_c.jpg
540,34,https://photos.zillowstatic.com/fp/a6e49a83367faa19e73511e1f679bb49-p_c.jpg
541,34,https://photos.zillowstatic.com/fp/214db47ee01988de23b47e4b3f4b4554-p_c.jpg
542,34,https://photos.zillowstatic.com/fp/3c5ad26db88601452a4e385a9047e89b-p_c.jpg
543,34,https://photos.zillowstatic.com/fp/296b6d00fd17031b22b9c1585834633d-p_c.jpg
544,34,https://photos.zillowstatic.com/fp/a99848d4e636fd53e1815f7d1e828283-p_c.jpg
545,35,https://photos.zillowstatic.com/fp/d2353ad48d6577c914e7f351f12555eb-p_h.jpg
546,35,https://photos.zillowstatic.com/fp/a7cb0ef436c5065cb81d2f4e3b8a5ea8-p_c.jpg
547,35,https://photos.zillowstatic.com/fp/350d0bdda4ebe8268a2fd5b1dd83e9d2-p_c.jpg
548,35,https://photos.zillowstatic.com/fp/af83ecba6b34bc07fb7b731417831a79-p_c.jpg
549,35,https://photos.zillowstatic.com/fp/68cdf574250954d42b402a60146fcc7b-p_c.jpg
550,35,https://photos.zillowstatic.com/fp/c0217f443ee312d0c803ba747d8f8c7b-p_c.jpg
551,35,https://photos.zillowstatic.com/fp/e13544b6c9c1746bfb4b29d174eaab68-p_c.jpg
552,35,https://photos.zillowstatic.com/fp/5ec69edc485a3d5bb75fae484f8eda5a-p_c.jpg
553,35,https://photos.zillowstatic.com/fp/0b52018d4f5058e922b742d3f9584ba4-p_c.jpg
554,35,https://photos.zillowstatic.com/fp/df2aa73ad2eba46bbfa7bb6f58eb77cd-p_c.jpg
555,35,https://photos.zillowstatic.com/fp/286457bf8dc0d699ead67537ceecba34-p_c.jpg
556,36,https://photos.zillowstatic.com/fp/5d3605d249a3899809a8718594041c2d-p_h.jpg
557,36,https://photos.zillowstatic.com/fp/804c683b9062224b08c7927fc76071e8-p_c.jpg
558,36,https://photos.zillowstatic.com/fp/83c4ff9074c6b1a0f6fbfee9c90f92d8-p_c.jpg
559,36,https://photos.zillowstatic.com/fp/5d520eb0926861d6796d0b6377a4465e-p_c.jpg
560,36,https://photos.zillowstatic.com/fp/e86f662449df8aa067d8df1f6285abe4-p_c.jpg
561,36,https://photos.zillowstatic.com/fp/f624f8dd32797a51e8faee9b1264c58e-p_c.jpg
562,36,https://photos.zillowstatic.com/fp/bd9552df580a45b77df2ca6c39ba2c40-p_c.jpg
563,36,https://photos.zillowstatic.com/fp/c0416e3eb7ed61982ea038981299ab20-p_c.jpg
564,36,https://photos.zillowstatic.com/fp/4481b8b90acb4a8c18f7b19243e88357-p_c.jpg
565,36,https://photos.zillowstatic.com/fp/b73179d4565d41b7841dbcd877fe156f-p_c.jpg
566,36,https://photos.zillowstatic.com/fp/7b393de369a2a8a8cd44abd2955559be-p_c.jpg
567,37,https://photos.zillowstatic.com/fp/3cf1b70a1c8eb59c31c43a8cdd0b329e-p_h.jpg
568,37,https://photos.zillowstatic.com/fp/925c5e4f0ee4980ae6f474d4703156bf-p_c.jpg
569,37,https://photos.zillowstatic.com/fp/7510596249d4b2e80db0eb9dbfa57193-p_c.jpg
570,37,https://photos.zillowstatic.com/fp/85853e61262abf7970122acbd0b5a3cf-p_c.jpg
571,37,https://photos.zillowstatic.com/fp/54c931b00dc66873d786778fc7dfa8eb-p_c.jpg
572,37,https://photos.zillowstatic.com/fp/bbfc79eb1091ea7dc247b7100067c92c-p_c.jpg
573,37,https://photos.zillowstatic.com/fp/5c247ffa4f337206280fcb97ea1937c7-p_c.jpg
574,37,https://photos.zillowstatic.com/fp/75071503aa059aaa35d5b7a6a56581bc-p_c.jpg
575,37,https://photos.zillowstatic.com/fp/f96c4aa3bd96fc8a66895af269c23b92-p_c.jpg
576,37,https://photos.zillowstatic.com/fp/85b9cf7878d2ab75fe10acaa60ced061-p_c.jpg
577,37,https://photos.zillowstatic.com/fp/7b6c0e229b362972c788b041272e69f7-p_c.jpg
578,38,https://photos.zillowstatic.com/fp/6f28802fd8e633b27fb6292667788c7b-p_h.jpg
579,38,https://photos.zillowstatic.com/fp/2e160059f9f101812f2a098bb027d23e-p_c.jpg
580,38,https://photos.zillowstatic.com/fp/b4c845a8980a37c3d10809d7a4ce0608-p_c.jpg
581,38,https://photos.zillowstatic.com/fp/b1af36b71942d51348c195c51d09341a-p_c.jpg
582,38,https://photos.zillowstatic.com/fp/171724d82e6fa9c1c810dd2c37bacc2c-p_c.jpg
583,38,https://photos.zillowstatic.com/fp/49a88cb953e92446781301359c0a5ada-p_c.jpg
584,38,https://photos.zillowstatic.com/fp/6e73a8055bda1b3a3e2d1f440397649b-p_c.jpg
585,38,https://photos.zillowstatic.com/fp/c4a1f58dc2b73f049ac897141af59f12-p_c.jpg
586,38,https://photos.zillowstatic.com/fp/3da9d6bea147e8695500fd1e5e1d10f7-p_c.jpg
587,38,https://photos.zillowstatic.com/fp/5b70be7f2fc5c163f888ccfd3eb451cf-p_c.jpg
588,38,https://photos.zillowstatic.com/fp/537eaa6be7a148a44195efe3f8968e33-p_c.jpg
589,38,https://photos.zillowstatic.com/fp/a00194d0853b10bfa17785bfa641fe30-p_c.jpg
590,38,https://photos.zillowstatic.com/fp/15da67d17717cdfeef5927e998473d45-p_c.jpg
591,38,https://photos.zillowstatic.com/fp/7a0fd8d2db3b3adc107b291b835e40e1-p_c.jpg
592,38,https://photos.zillowstatic.com/fp/534867c830e5e4aeca70bfc8fc79d84f-p_c.jpg
593,38,https://photos.zillowstatic.com/fp/e861a679560408fbbfaec37821f1dd1f-p_c.jpg
594,38,https://photos.zillowstatic.com/fp/95b120b4e3619e8df6c061531cf1423e-p_c.jpg
595,38,https://photos.zillowstatic.com/fp/34d6d6282c1077a82460600bafb3dd79-p_c.jpg
596,38,https://photos.zillowstatic.com/fp/3928561b8bdc4d31e72153bae110c782-p_c.jpg
597,39,https://photos.zillowstatic.com/fp/a453f390764621983fa8f9ad582b94a0-p_h.jpg
598,39,https://photos.zillowstatic.com/fp/88db5c44b8950b92899df016a8282d3c-p_c.jpg
599,39,https://photos.zillowstatic.com/fp/34584b1400c4f6261b6a495cc6b89b52-p_c.jpg
600,39,https://photos.zillowstatic.com/fp/fe4527c2b1d06bbd134e499e2ab628bc-p_c.jpg
601,39,https://photos.zillowstatic.com/fp/e513cf175878d3cb38a5b90611e81ee8-p_c.jpg
602,39,https://photos.zillowstatic.com/fp/f8bd1e05fef6e0c25bbcb47edbb2f616-p_c.jpg
603,39,https://photos.zillowstatic.com/fp/4dd7f8df0dd2da0f522762a210923f93-p_c.jpg
604,39,https://photos.zillowstatic.com/fp/af8b0bd78c89db1e475b433fa5e1c5cf-p_c.jpg
605,39,https://photos.zillowstatic.com/fp/0f985014a889fa07c2632e3a97a62ff5-p_c.jpg
606,39,https://photos.zillowstatic.com/fp/5f60fbb856ec7f1953b7b5e1b2fddb81-p_c.jpg
607,39,https://photos.zillowstatic.com/fp/8695c4f4eb1f70a67fe21f73984d8a41-p_c.jpg
608,39,https://photos.zillowstatic.com/fp/2cd1e34708736b5b4efd7ea68e4d2412-p_c.jpg
609,40,https://photos.zillowstatic.com/fp/bc0712c0ae2d6b55e92d1bab69063eea-p_h.jpg
610,40,https://photos.zillowstatic.com/fp/2ccc6383623d6c123581448d420a4cbd-p_c.jpg
611,40,https://photos.zillowstatic.com/fp/312c5bb4b28ecef44f770730be07c151-p_c.jpg
612,40,https://photos.zillowstatic.com/fp/d4845a35361f4bdefd0f41e5a54ee597-p_c.jpg
613,40,https://photos.zillowstatic.com/fp/7dd52af28d6edd0d75965a9f7c3efc8b-p_c.jpg
614,40,https://photos.zillowstatic.com/fp/47b2fe1ce70ba971d6afcc508b94a42d-p_c.jpg
615,40,https://photos.zillowstatic.com/fp/2a0a4f03061f572ed1564003ab5c449b-p_c.jpg
616,40,https://photos.zillowstatic.com/fp/dc47782e4b5ecd316551dff025dccf5b-p_c.jpg
617,40,https://photos.zillowstatic.com/fp/2e131c35165eb4e8af20ef8eb877e60c-p_c.jpg
618,40,https://photos.zillowstatic.com/fp/a660d8e3a58a243b203c9dcb47ef102f-p_c.jpg
619,40,https://photos.zillowstatic.com/fp/dc213209a1975c38f4667109ce1b8782-p_c.jpg
620,40,https://photos.zillowstatic.com/fp/cb90f6bed8fab04f58d4e799f2b7a3a5-p_c.jpg
621,40,https://photos.zillowstatic.com/fp/d1d285e7d536e717154b4b4f5d11bda0-p_c.jpg
622,40,https://photos.zillowstatic.com/fp/138873ab718fc6c473e21924e97da012-p_c.jpg
623,40,https://photos.zillowstatic.com/fp/9af34556143eaa62e47b7e98f84bc405-p_c.jpg
624,41,https://photos.zillowstatic.com/fp/514037c1474c1bbd3377736bcbad8894-p_h.jpg
625,41,https://photos.zillowstatic.com/fp/81fdcea7e53cc547f1091a859a252623-p_c.jpg
626,41,https://photos.zillowstatic.com/fp/94a27e1b13e390f1044f7a47e378d262-p_c.jpg
627,41,https://photos.zillowstatic.com/fp/05b0f7397f985b5327efc46c31aab08d-p_c.jpg
628,41,https://photos.zillowstatic.com/fp/ddf2bb045c937a152f179ecf99cfbf79-p_c.jpg
629,41,https://photos.zillowstatic.com/fp/910180073e65b298362cda88230659e8-p_c.jpg
630,41,https://photos.zillowstatic.com/fp/6c296b45b42b0f4c9eee69b31c6a622f-p_c.jpg
631,41,https://photos.zillowstatic.com/fp/f0c9eb3efc30c4f5cf746b5b68079255-p_c.jpg
632,41,https://photos.zillowstatic.com/fp/e05790ee04f86b2bb25ac61959b71fcf-p_c.jpg
633,41,https://photos.zillowstatic.com/fp/fcb8e924ac11c5a0686e058385d06d65-p_c.jpg
634,42,https://photos.zillowstatic.com/fp/94eab11cdf17aab3e36ed69ba19eda60-p_h.jpg
635,42,https://photos.zillowstatic.com/fp/8d7598f30956a702a869e078fa9d4efd-p_c.jpg
636,42,https://photos.zillowstatic.com/fp/ee673c0b4434d5dbf32f51bd42c72984-p_c.jpg
637,42,https://photos.zillowstatic.com/fp/e8e982bf0add74f14c8528992af03daf-p_c.jpg
638,42,https://photos.zillowstatic.com/fp/7ac9bd27907d646096399ecbdd460f1a-p_c.jpg
639,43,https://photos.zillowstatic.com/fp/574fefb6b4486dab923e2c41e7aac767-p_h.jpg
640,43,https://photos.zillowstatic.com/fp/63f460a8cd40e84436c73986e3c5862e-p_c.jpg
641,43,https://photos.zillowstatic.com/fp/80de6da8d2d8f3d2fb9347debc890ac7-p_c.jpg
642,43,https://photos.zillowstatic.com/fp/f80f777dc3302c4a26d8f82c25cece8f-p_c.jpg
643,43,https://photos.zillowstatic.com/fp/334bc2a78b7d89f11ec8867999b7c468-p_c.jpg
644,43,https://photos.zillowstatic.com/fp/7f33a20f15e41d68488c9ef1ec739a8e-p_c.jpg
645,43,https://photos.zillowstatic.com/fp/6c870c59e4a87e63d33e2bcb5aea9d8f-p_c.jpg
646,43,https://photos.zillowstatic.com/fp/e741eddf9be61a9402ab4d8152b23ea6-p_c.jpg
647,43,https://photos.zillowstatic.com/fp/f7f546c72e0efda301dafdfbb2a23398-p_c.jpg
648,44,https://photos.zillowstatic.com/fp/15fdb066d713f1043c341ae41b0ce4b4-p_h.jpg
649,44,https://photos.zillowstatic.com/fp/ef8cb5a435092bcf6de99cf212f97490-p_c.jpg
650,44,https://photos.zillowstatic.com/fp/5ae2048d3386ab2aeb727dfd7ca0d524-p_c.jpg
651,44,https://photos.zillowstatic.com/fp/b2502e2f2a08fe5dac8624e7312a7c46-p_c.jpg
652,44,https://photos.zillowstatic.com/fp/d4f3cda7583ee536f7caf5abd92dd355-p_c.jpg
653,44,https://photos.zillowstatic.com/fp/adccb4712cb33d2a57b5600eb9e4a7c6-p_c.jpg
654,44,https://photos.zillowstatic.com/fp/22dddfd89c0511b5ec937cc39b4a38f8-p_c.jpg
655,44,https://photos.zillowstatic.com/fp/d41ed5f94b762cbac9d2334aa48425d0-p_c.jpg
656,44,https://photos.zillowstatic.com/fp/9b99017c648fc407c3ab622957436ad3-p_c.jpg
657,45,https://photos.zillowstatic.com/fp/4ad1037a21796e3a9e6dd75ed3bb4178-p_h.jpg
658,45,https://photos.zillowstatic.com/fp/40bdd439d0b2be4d57d476229c302c0b-p_c.jpg
659,45,https://photos.zillowstatic.com/fp/629427ccc83e7898e714f28f33d2eaa0-p_c.jpg
660,45,https://photos.zillowstatic.com/fp/7b98a4bbfcbafff494da4589a3d62d4d-p_c.jpg
661,46,https://photos.zillowstatic.com/fp/78fa527ba1f4fb97fb3d0d93a838a025-p_h.jpg
662,46,https://photos.zillowstatic.com/fp/5bd6bf9c93f8562711af5f45619fbee1-p_c.jpg
663,46,https://photos.zillowstatic.com/fp/cc0a946e84d178a82971e4153da3116e-p_c.jpg
664,46,https://photos.zillowstatic.com/fp/c8cdc5f0d4cdead8cab0cc0ce63670a7-p_c.jpg
665,46,https://photos.zillowstatic.com/fp/d04d023f6761ad97facc6a2d5b5f62da-p_c.jpg
666,46,https://photos.zillowstatic.com/fp/e1025ad3b195ee06f46aa1364287b737-p_c.jpg
667,46,https://photos.zillowstatic.com/fp/cc02400e9612cf351d9b5a7824e843b3-p_c.jpg
668,46,https://photos.zillowstatic.com/fp/36c7f2cb81b72871843855ab73f6312e-p_c.jpg
669,46,https://photos.zillowstatic.com/fp/a230fe54be2341db796c25881733e3db-p_c.jpg
670,46,https://photos.zillowstatic.com/fp/f0e3965959d8a9724a960e6c087da16c-p_c.jpg
671,46,https://photos.zillowstatic.com/fp/dff48350d2bafbd59715ab62029ab107-p_c.jpg
672,46,https://photos.zillowstatic.com/fp/cd5ac84a80407f6ee5c4cef55c8611f4-p_c.jpg
673,46,https://photos.zillowstatic.com/fp/e307d21c8087d8a405dbdab79b893883-p_c.jpg
674,47,https://photos.zillowstatic.com/fp/e57818d792440402cda0f6d854346a18-p_h.jpg
675,47,https://photos.zillowstatic.com/fp/baadd4e5843fab8b107bd0c2156f173f-p_c.jpg
676,47,https://photos.zillowstatic.com/fp/0fa074691bd1ae1edd462be8bb848015-p_c.jpg
677,47,https://photos.zillowstatic.com/fp/2850ead56d458520dfdd0fcaa1d8677b-p_c.jpg
678,47,https://photos.zillowstatic.com/fp/a96889ed84740038f6d17a68b3f2bdd9-p_c.jpg
679,47,https://photos.zillowstatic.com/fp/9a2b89632261da68f5103afb44e5804d-p_c.jpg
680,47,https://photos.zillowstatic.com/fp/10cf59e2c7339fbe5216c336b93673f1-p_c.jpg
681,47,https://photos.zillowstatic.com/fp/542dbfd5fab762b71fdeee4257ef4bfd-p_c.jpg
682,47,https://photos.zillowstatic.com/fp/6739d30f6cb69b4ec1802f08a716a814-p_c.jpg
683,47,https://photos.zillowstatic.com/fp/4cb214b6fa01657a913f6043e5fee4d0-p_c.jpg
684,48,https://photos.zillowstatic.com/fp/fe93a725944930c7415ded460f2d30ec-p_h.jpg
685,48,https://photos.zillowstatic.com/fp/823be9fed9a9552cf5f630020d2f1dc8-p_c.jpg
686,48,https://photos.zillowstatic.com/fp/a0cd73ce0da6404adea98fc17a6482e9-p_c.jpg
687,48,https://photos.zillowstatic.com/fp/8f55d9dc6b56157eb3658e5baf098ad3-p_c.jpg
688,48,https://photos.zillowstatic.com/fp/59676c7f80bbbc4d1af281dfbc673ae3-p_c.jpg
689,48,https://photos.zillowstatic.com/fp/35674ce28cd0aa4016d84c8bf1a0320f-p_c.jpg
690,48,https://photos.zillowstatic.com/fp/c95cf15180d87d8705105a4e6914d057-p_c.jpg
691,48,https://photos.zillowstatic.com/fp/3a55cef901669fb1e03f2a608e748d37-p_c.jpg
692,48,https://photos.zillowstatic.com/fp/b54fd169299a122a0968abd51266da1a-p_c.jpg
693,48,https://photos.zillowstatic.com/fp/62f08b662cd17c42282acd269c41c5a9-p_c.jpg
694,49,https://photos.zillowstatic.com/fp/7f41ffd03744a541dc86374f6f95dd19-p_h.jpg
695,49,https://photos.zillowstatic.com/fp/19bafa3ccf8785fbd554eeb2e16499ad-p_c.jpg
696,49,https://photos.zillowstatic.com/fp/30ae2e7699fe171172d4697e8b0eab19-p_c.jpg
697,49,https://photos.zillowstatic.com/fp/c7e362ba928ae09569f0c7a8e9d102ae-p_c.jpg
698,49,https://photos.zillowstatic.com/fp/d14b25e18b7199e378245af3d666b592-p_c.jpg
699,49,https://photos.zillowstatic.com/fp/8fac7d69e62af3092020a80b12896652-p_c.jpg
700,49,https://photos.zillowstatic.com/fp/0335cc3ac8d3803f604a07cef48cbdad-p_c.jpg
701,49,https://photos.zillowstatic.com/fp/cf26e9eef5cff6a8ca2a206e78ee1eaf-p_c.jpg
702,49,https://photos.zillowstatic.com/fp/cd02e53d55008b05c97eba8ca184ee21-p_c.jpg
703,49,https://photos.zillowstatic.com/fp/65e26e3288feaf2f5def396466783b0a-p_c.jpg
704,49,https://photos.zillowstatic.com/fp/35206a4fa27f2cfabdd1511dc4c904eb-p_c.jpg
705,49,https://photos.zillowstatic.com/fp/c2677d49c4ad759e1fd29009e29f963f-p_c.jpg
706,49,https://photos.zillowstatic.com/fp/3eb0d934cadf7e2d08653b59906ab922-p_c.jpg
707,49,https://photos.zillowstatic.com/fp/50576dae354328786898bf06915a68b2-p_c.jpg
708,50,https://photos.zillowstatic.com/fp/031d5c0372eca88fdd890e29497eeda9-p_h.jpg
709,50,https://photos.zillowstatic.com/fp/4caf88d9cc04bdf9006b8b8047e9f270-p_c.jpg
710,50,https://photos.zillowstatic.com/fp/c432386b01e8ee00ba55222c83b9ad86-p_c.jpg
711,50,https://photos.zillowstatic.com/fp/c9b89c5a92af57fc70ba86aba8a334e7-p_c.jpg
712,50,https://photos.zillowstatic.com/fp/89e21f4a2fde3df7c37bd246e633c500-p_c.jpg
713,50,https://photos.zillowstatic.com/fp/7e26fddc1257934effbc7a24cd3417b2-p_c.jpg
714,51,https://photos.zillowstatic.com/fp/08b7e6ea2afa30a0a131b1b842dff210-p_h.jpg
715,51,https://photos.zillowstatic.com/fp/2c52743eb3d87adde87148f6868d1339-p_c.jpg
716,51,https://photos.zillowstatic.com/fp/274a7130afac918552a5bcb0f7d02b2b-p_c.jpg
717,51,https://photos.zillowstatic.com/fp/81ee17e23dea59be546449341919ba16-p_c.jpg
718,51,https://photos.zillowstatic.com/fp/5446a10132afa72e111fcebee385274f-p_c.jpg
719,51,https://photos.zillowstatic.com/fp/a51ccdcba21d51e52847eb36c5d04fc0-p_c.jpg
720,51,https://photos.zillowstatic.com/fp/41417de0ce31fbb7cc6bc02056b56d44-p_c.jpg
721,51,https://photos.zillowstatic.com/fp/2fc2e7bd97f7b966055ec6733c664166-p_c.jpg
722,52,https://photos.zillowstatic.com/fp/33798ef0ff4448664190c19cee025ed5-p_h.jpg
723,52,https://photos.zillowstatic.com/fp/9c874b77bd0107bbcdeb1d1ce80137b5-p_c.jpg
724,52,https://photos.zillowstatic.com/fp/16fcc7adcf56b6d44df12e9e2a424005-p_c.jpg
725,52,https://photos.zillowstatic.com/fp/e41dad80e04294106d60f16452ff7c41-p_c.jpg
726,52,https://photos.zillowstatic.com/fp/d5c728b44af4f497b91a9a63277afdd7-p_c.jpg
727,52,https://photos.zillowstatic.com/fp/b07593c21f9cd8c6f3ba27922ea37c48-p_c.jpg
728,52,https://photos.zillowstatic.com/fp/96523ae3795f2beb89b3f7f2d9319d58-p_c.jpg
729,52,https://photos.zillowstatic.com/fp/8c5cce8cd1f5d1f6c25ceb8b50402839-p_c.jpg
730,52,https://photos.zillowstatic.com/fp/4551be099e26bb034876e412e937b0c6-p_c.jpg
731,52,https://photos.zillowstatic.com/fp/9c4e93169c068c385250824da8c1f859-p_c.jpg
732,52,https://photos.zillowstatic.com/fp/edd08f44d1dd6e780e7cf0c5a96b20c1-p_c.jpg
733,52,https://photos.zillowstatic.com/fp/cef32af9a10d9bd529f93a4b5a847460-p_c.jpg
734,52,https://photos.zillowstatic.com/fp/57ab87fa6de47c978f0fd6cc6de319e1-p_c.jpg
735,52,https://photos.zillowstatic.com/fp/d0da0d0d009784023344ae730a88cf35-p_c.jpg
736,52,https://photos.zillowstatic.com/fp/2602b997170857a42bc6302dfd2fefcd-p_c.jpg
737,52,https://photos.zillowstatic.com/fp/6ce21378238d087ffde284c1f6764c32-p_c.jpg
738,52,https://photos.zillowstatic.com/fp/e0f4267d139de39d47ec8fbdab6abc3a-p_c.jpg
739,52,https://photos.zillowstatic.com/fp/270b990ddcac77adfc0826631fd9c0dd-p_c.jpg
740,52,https://photos.zillowstatic.com/fp/328e993e798745ab83f34dd296793a6a-p_c.jpg
741,52,https://photos.zillowstatic.com/fp/a53f270eb42a0dab004c3a41674e7f30-p_c.jpg
742,52,https://photos.zillowstatic.com/fp/10b966d22b3e42a2026b239b82095ff3-p_c.jpg
743,52,https://photos.zillowstatic.com/fp/1a54c1730f65f4ab749f9de6c1883b41-p_c.jpg
744,52,https://photos.zillowstatic.com/fp/ac417da3126f1d37afa62e428df798c7-p_c.jpg
745,52,https://photos.zillowstatic.com/fp/ccb4b5ae2ec270784ca0dc64e62fa5d4-p_c.jpg
746,52,https://photos.zillowstatic.com/fp/74143c490bf537676da5744c2a985bb2-p_c.jpg
747,52,https://photos.zillowstatic.com/fp/b22e1fde1d018d8377a76e57a6948ca8-p_c.jpg
748,52,https://photos.zillowstatic.com/fp/d6ab1d1baf785bc3f7c4599dac414c01-p_c.jpg
749,53,https://photos.zillowstatic.com/fp/00a25fa274a5e550bbb91ff26750187e-p_h.jpg
750,53,https://photos.zillowstatic.com/fp/bdfcc762f3d181758739bb1564114084-p_c.jpg
751,53,https://photos.zillowstatic.com/fp/dcc1f203c4007beba24d49b9475a6d45-p_c.jpg
752,53,https://photos.zillowstatic.com/fp/02a271f2bb0857e9e53e2b0b68af2a2f-p_c.jpg
753,53,https://photos.zillowstatic.com/fp/5b89ca7ba021f6d183c1ca9c8631e7e2-p_c.jpg
754,53,https://photos.zillowstatic.com/fp/347f3bcce73e37f22f55d81fc8696ba7-p_c.jpg
755,53,https://photos.zillowstatic.com/fp/1c720b5d2ce50c8cf1ef678c708692a0-p_c.jpg
756,53,https://photos.zillowstatic.com/fp/89b67e276b239713fa20cfb36921c6d9-p_c.jpg
757,53,https://photos.zillowstatic.com/fp/52e0afd63433474db49307800aec1c3f-p_c.jpg
758,54,https://photos.zillowstatic.com/fp/c57eec375f0d59125de01719fbdcccf1-p_h.jpg
759,54,https://photos.zillowstatic.com/fp/745b33271d4c880fd87b8dc0fd3ec76f-p_c.jpg
760,54,https://photos.zillowstatic.com/fp/8be5a44c69e4a54aa5f5e40444fc36b6-p_c.jpg
761,54,https://photos.zillowstatic.com/fp/8ac7c5e7a4fb411f7e7cc6c0fb51f9b8-p_c.jpg
762,54,https://photos.zillowstatic.com/fp/4425d86898f41e7047b58d1d20272bb9-p_c.jpg
763,54,https://photos.zillowstatic.com/fp/a0b6096d83edcee9d9eef26c68489b7b-p_c.jpg
764,54,https://photos.zillowstatic.com/fp/bc7f9a29eb578a5d28bcabacd5df7dbd-p_c.jpg
765,54,https://photos.zillowstatic.com/fp/8ef89d5d28f9a0127e201e7d2a5b112e-p_c.jpg
766,54,https://photos.zillowstatic.com/fp/4f9491cf54dec6412f500fad07a8f50b-p_c.jpg
767,54,https://photos.zillowstatic.com/fp/948197f346a420d308f030f0fb24df8f-p_c.jpg
768,55,https://photos.zillowstatic.com/fp/0710032f6ef088a7f52c96cbb90ae7fa-p_h.jpg
769,55,https://photos.zillowstatic.com/fp/f2c3ba6b92b9847b844367045bc79680-p_c.jpg
770,55,https://photos.zillowstatic.com/fp/26d2517c98d940eec5060f05340511b0-p_c.jpg
771,55,https://photos.zillowstatic.com/fp/bcfecd408221e7dac4c4d05764ed79c3-p_c.jpg
772,55,https://photos.zillowstatic.com/fp/93563bb2ff75357f820c52d16273da87-p_c.jpg
773,55,https://photos.zillowstatic.com/fp/8f45ee0ea49e5e215b930c3b0c1afe04-p_c.jpg
774,55,https://photos.zillowstatic.com/fp/73b006348fce114a3bfd8bd24255d2a0-p_c.jpg
775,55,https://photos.zillowstatic.com/fp/ca4a85f5d453c3c392a8b63af228eed4-p_c.jpg
776,55,https://photos.zillowstatic.com/fp/5901b6e72cc8846a007d97ecf13a13f3-p_c.jpg
777,56,https://photos.zillowstatic.com/fp/67db9606664bda97f84299cef58011ea-p_h.jpg
778,56,https://photos.zillowstatic.com/fp/232d30f8a8bf7d467d34365647c78c64-p_c.jpg
779,56,https://photos.zillowstatic.com/fp/26a5029958dfaf0757390e04b99b2bc7-p_c.jpg
780,56,https://photos.zillowstatic.com/fp/bf0bec0c9f14f1af8837d4fdc96fcbaf-p_c.jpg
781,56,https://photos.zillowstatic.com/fp/15eb9217229b4b74d9f07388d1e1dd63-p_c.jpg
782,56,https://photos.zillowstatic.com/fp/13dbeaa68cfd6d136dac5c5a4717d456-p_c.jpg
783,56,https://photos.zillowstatic.com/fp/718c461f62ef406640441340a74dafa7-p_c.jpg
784,56,https://photos.zillowstatic.com/fp/3f3113bfdb5adf911d603b7e08343552-p_c.jpg
785,56,https://photos.zillowstatic.com/fp/015014ac10e191dba99c18a95ebc0be2-p_c.jpg
786,56,https://photos.zillowstatic.com/fp/4ed26390aa60fdd4743c4b1b3b2fe6cb-p_c.jpg
787,56,https://photos.zillowstatic.com/fp/9c48e39c58effcedddac895ff3c32dd2-p_c.jpg
788,56,https://photos.zillowstatic.com/fp/729936c434d8c546bc7457650aef120c-p_c.jpg
789,56,https://photos.zillowstatic.com/fp/79f3e7a12095c460f6941c3621be4200-p_c.jpg
790,56,https://photos.zillowstatic.com/fp/8dc071c58540ccc32194c5d120cc4e98-p_c.jpg
791,56,https://photos.zillowstatic.com/fp/473104fd8804e2643758a13c09da39d1-p_c.jpg
792,56,https://photos.zillowstatic.com/fp/0fbbfeee915e4f4dfc5f9b714e2539e4-p_c.jpg
793,56,https://photos.zillowstatic.com/fp/c3308f5833b570b0d8608a4a1b1d33f5-p_c.jpg
794,56,https://photos.zillowstatic.com/fp/b4d6dc458a727c0a55bcf39b96348201-p_c.jpg
795,56,https://photos.zillowstatic.com/fp/4ab6df6568a74ad966ce5b1dbdff0ad5-p_c.jpg
796,56,https://photos.zillowstatic.com/fp/0d37a5e86e286aed48243a7a2f9e0899-p_c.jpg
797,56,https://photos.zillowstatic.com/fp/469fdcaa5b0ab50879843e026fc01846-p_c.jpg
798,56,https://photos.zillowstatic.com/fp/797f4015554b7e419a6c79ab8863b178-p_c.jpg
799,56,https://photos.zillowstatic.com/fp/fde73c2d4d0484c7300a700597176475-p_c.jpg
800,56,https://photos.zillowstatic.com/fp/5cc50c2b16fccee05dd2091956e4baba-p_c.jpg
801,56,https://photos.zillowstatic.com/fp/e8077646b41ed5ab48a714bb7a411d6d-p_c.jpg
802,56,https://photos.zillowstatic.com/fp/48c5ee7f3692e194ed43f9cd6d63bca6-p_c.jpg
803,56,https://photos.zillowstatic.com/fp/374cf2a26571b17472f42a1c94b2bbeb-p_c.jpg
804,56,https://photos.zillowstatic.com/fp/976a050dcda78e3f9f865b1af786457a-p_c.jpg
805,56,https://photos.zillowstatic.com/fp/078c54ddb7bf393663ca7c63f2eb84b0-p_c.jpg
806,56,https://photos.zillowstatic.com/fp/b01cda7dc69dcafc7f267d0980b36ed1-p_c.jpg
807,56,https://photos.zillowstatic.com/fp/717d8342a1862287d873cf834aef6132-p_c.jpg
808,56,https://photos.zillowstatic.com/fp/de822ec566b0afa7adfd98538a444e56-p_c.jpg
809,56,https://photos.zillowstatic.com/fp/b3cb94f17d414e50c68e00a907daf384-p_c.jpg
810,57,https://photos.zillowstatic.com/fp/ae2f05fc15bef0e149a8d2b925917891-p_h.jpg
811,57,https://photos.zillowstatic.com/fp/faa285be6017aede28147fb1223151a3-p_c.jpg
812,57,https://photos.zillowstatic.com/fp/e8a29eafd543c4a69946216e4dcd596b-p_c.jpg
813,57,https://photos.zillowstatic.com/fp/1a458790dba4018590cf7f8bd1be7abe-p_c.jpg
814,57,https://photos.zillowstatic.com/fp/c415aa6d8ce894a111882eea136ff4a1-p_c.jpg
815,57,https://photos.zillowstatic.com/fp/601af8f0436e807ffb77e5f2eda2515c-p_c.jpg
816,57,https://photos.zillowstatic.com/fp/1a820d33c91cb304af393261ba555b3b-p_c.jpg
817,57,https://photos.zillowstatic.com/fp/1b6cbe6885f7ff409ae49ff27a92a713-p_c.jpg
818,57,https://photos.zillowstatic.com/fp/6ac41757d3d5fdde9949eaf19e13e991-p_c.jpg
819,57,https://photos.zillowstatic.com/fp/0f86e9f6ff89ce0095d093051ba3b619-p_c.jpg
820,58,https://photos.zillowstatic.com/fp/4abc3a1b9ede7e0005f9704475aefc31-p_h.jpg
821,58,https://photos.zillowstatic.com/fp/43c5069c673372ddc3a22a7e88fb12d0-p_c.jpg
822,58,https://photos.zillowstatic.com/fp/0560c11b87d9c3523e0ec882af5227de-p_c.jpg
823,58,https://photos.zillowstatic.com/fp/6284d4b0362dd7f4a77861a57a0e566e-p_c.jpg
824,59,https://photos.zillowstatic.com/fp/8f71516765dc095ec74c310ad9fb8b42-p_h.jpg
825,59,https://photos.zillowstatic.com/fp/62cb8495b345eb6bf56c7d1c1045e982-p_c.jpg
826,59,https://photos.zillowstatic.com/fp/155eebdd916e919d3f4338e4f99243c3-p_c.jpg
827,59,https://photos.zillowstatic.com/fp/35c7cb276f45c1ddd49c07a549348c2d-p_c.jpg
828,59,https://photos.zillowstatic.com/fp/31f1c90ac8a3e9a602d48b5b02fcd2fa-p_c.jpg
829,59,https://photos.zillowstatic.com/fp/8ad49701b357e18990bbb22e335a2d9c-p_c.jpg
830,59,https://photos.zillowstatic.com/fp/8391e8fb44585f11d078c5d40733b802-p_c.jpg
831,59,https://photos.zillowstatic.com/fp/08a0bc48dc998b81e77a6f404fc4a3f9-p_c.jpg
832,59,https://photos.zillowstatic.com/fp/252d99a8034fa6dea9233fd64c4b2082-p_c.jpg
833,59,https://photos.zillowstatic.com/fp/4d831d0de30e814ff161b51e8a5988a6-p_c.jpg
834,59,https://photos.zillowstatic.com/fp/4f348c406112b02ccbd191c085330ffb-p_c.jpg
835,59,https://photos.zillowstatic.com/fp/bd5a95ff93f9bc9543859f7ff7b8c25c-p_c.jpg
836,59,https://photos.zillowstatic.com/fp/78819e14e752f947b8c05c6199a6b673-p_c.jpg
837,59,https://photos.zillowstatic.com/fp/07aa3c7008f114bca240aa175d903b63-p_c.jpg
838,60,https://photos.zillowstatic.com/fp/bd2eb527a072290da1dd237bd323de54-p_h.jpg
839,60,https://photos.zillowstatic.com/fp/3cfe8e86df7348dbefba3cea40d0f52e-p_c.jpg
840,60,https://photos.zillowstatic.com/fp/f725d4e54e8ae59af378ea91b708d230-p_c.jpg
841,60,https://photos.zillowstatic.com/fp/2759351fa266cec814fec921e28b8576-p_c.jpg
842,60,https://photos.zillowstatic.com/fp/7755f692bea376c3f6a4d51006e5e005-p_c.jpg
843,60,https://photos.zillowstatic.com/fp/9ca1916a5d25c46277a75e0e871bfc16-p_c.jpg
844,60,https://photos.zillowstatic.com/fp/b090e68165bf2d6a92059425e48ab7a4-p_c.jpg
845,61,https://photos.zillowstatic.com/fp/328da549b9bbd92e9b0f2ba8e2505b67-p_h.jpg
846,61,https://photos.zillowstatic.com/fp/0681c7475988ab659ee9c683fa93cfa8-p_c.jpg
847,61,https://photos.zillowstatic.com/fp/f46b3da9e1a9489ad08ab7af355eab2d-p_c.jpg
848,61,https://photos.zillowstatic.com/fp/1e65915761371df673b3ddbc6ade6930-p_c.jpg
849,61,https://photos.zillowstatic.com/fp/7ba105d27dd42d29e38a482fa7b6b474-p_c.jpg
850,61,https://photos.zillowstatic.com/fp/2b31f72c161a2aebc7ac3c67a321c5d1-p_c.jpg
851,62,https://photos.zillowstatic.com/fp/c0d33fc96f190c271226643c2a68cd11-p_h.jpg
852,62,https://photos.zillowstatic.com/fp/79f2b11caa4f32b3a8b249a824ebb000-p_c.jpg
853,62,https://photos.zillowstatic.com/fp/b47540346aa65470208a16445944d1e2-p_c.jpg
854,62,https://photos.zillowstatic.com/fp/e758e35154876e1b3609565d2bce24c4-p_c.jpg
855,62,https://photos.zillowstatic.com/fp/b12a2016a5d144548ca145e531f1c724-p_c.jpg
856,62,https://photos.zillowstatic.com/fp/49edf014c67455d27e9e6d9e99c5f68a-p_c.jpg
857,62,https://photos.zillowstatic.com/fp/dea55bf46fe5b24b21ee34927d8e3282-p_c.jpg
858,62,https://photos.zillowstatic.com/fp/e4979ec46e591a173fe1cb0774f9bb23-p_c.jpg
859,62,https://photos.zillowstatic.com/fp/78f455f1b3b971a598d496daa80295ff-p_c.jpg
860,62,https://photos.zillowstatic.com/fp/75c915f433a8657f50ed4f73a4823729-p_c.jpg
861,62,https://photos.zillowstatic.com/fp/7d1a284967c150cd8efcc382cad4a3b9-p_c.jpg
862,62,https://photos.zillowstatic.com/fp/c29ab3512ad5f5153162ff91c3783681-p_c.jpg
863,62,https://photos.zillowstatic.com/fp/259e8f3606ceb8a2476375e3271c133d-p_c.jpg
864,62,https://photos.zillowstatic.com/fp/061370567c8271a13a47d1f130dec9c0-p_c.jpg
865,62,https://photos.zillowstatic.com/fp/b81dec3ce56f40d70d0b9de66a9cfaed-p_c.jpg
866,63,https://photos.zillowstatic.com/fp/95541b8bac8bd3fa0f680d22264092f0-p_h.jpg
867,63,https://photos.zillowstatic.com/fp/9eb24423817ad9ab3a930aefb13ab560-p_c.jpg
868,63,https://photos.zillowstatic.com/fp/1b0709ad2fec870c94785dee0d055285-p_c.jpg
869,63,https://photos.zillowstatic.com/fp/fbd09fcfb5c1914fcd5bdfde1791e109-p_c.jpg
870,63,https://photos.zillowstatic.com/fp/edfffc7c704b9717fb072396b2b9184e-p_c.jpg
871,63,https://photos.zillowstatic.com/fp/812244f18336a11e6aebbb314a824721-p_c.jpg
872,63,https://photos.zillowstatic.com/fp/b9f9d6da825e089cf4c1b2b2353eb250-p_c.jpg
873,63,https://photos.zillowstatic.com/fp/1624db13e9182d83f6032e4d2b79433c-p_c.jpg
874,63,https://photos.zillowstatic.com/fp/a435b5d490abdc31c01b3716a8f5ec73-p_c.jpg
875,64,https://photos.zillowstatic.com/fp/8e5656266dc217c560c201bf6b4d67a5-p_h.jpg
876,64,https://photos.zillowstatic.com/fp/bbe25943fa75cb72b194280f648c58c4-p_c.jpg
877,64,https://photos.zillowstatic.com/fp/92c22d497af4f50f99f734cb85f7175c-p_c.jpg
878,64,https://photos.zillowstatic.com/fp/5b6559d40eb6473d3c0a2a82f2313d8b-p_c.jpg
879,64,https://photos.zillowstatic.com/fp/f2ce19168388ff3381cbe20a0d4d5d7d-p_c.jpg
880,64,https://photos.zillowstatic.com/fp/287b689fd0e074da67eda63b6b909ee6-p_c.jpg
881,64,https://photos.zillowstatic.com/fp/aa327458b07e3cfd8fd80418d5345bb6-p_c.jpg
882,64,https://photos.zillowstatic.com/fp/8cfd982cdf7bd95a71010d545d24f34e-p_c.jpg
883,64,https://photos.zillowstatic.com/fp/eed55a5105097049d6d07c8a574ebfe8-p_c.jpg
884,64,https://photos.zillowstatic.com/fp/a0fd564781a3aa5515db5ed82f465bf1-p_c.jpg
885,64,https://photos.zillowstatic.com/fp/ff5f804957d753a3961906deb37f2a3a-p_c.jpg
886,64,https://photos.zillowstatic.com/fp/c39e4e5f31cda4ab81341568dc81814e-p_c.jpg
887,64,https://photos.zillowstatic.com/fp/973fc82ac176c7d9f3f34c8c3ab49bc9-p_c.jpg
888,64,https://photos.zillowstatic.com/fp/ed3341bc1771b74fbb9b6f1e8f8bd529-p_c.jpg
889,64,https://photos.zillowstatic.com/fp/23bd9bdd6e30e9b96a90831280225789-p_c.jpg
890,64,https://photos.zillowstatic.com/fp/bebbc8da763c2064748c9c45c3cbb19e-p_c.jpg
891,64,https://photos.zillowstatic.com/fp/5485f0af8f3d6e9d83a196e03f20e43b-p_c.jpg
892,64,https://photos.zillowstatic.com/fp/deb22c662263809bb35d4dc9dc77f61c-p_c.jpg
893,64,https://photos.zillowstatic.com/fp/b7364f6dae3f3ff05ce229a7f94ed685-p_c.jpg
894,64,https://photos.zillowstatic.com/fp/5917bc51a76919239013ba455679b39b-p_c.jpg
895,64,https://photos.zillowstatic.com/fp/fed20e6d451d1813e061299f7622a02a-p_c.jpg
896,64,https://photos.zillowstatic.com/fp/ad43496f16d3fcc9797e6ec05db49caa-p_c.jpg
897,64,https://photos.zillowstatic.com/fp/3cb2e2c291ac744b30731798dc969f9b-p_c.jpg
898,64,https://photos.zillowstatic.com/fp/9ba1e780bf11294fce0112ddd74f73d0-p_c.jpg
899,64,https://photos.zillowstatic.com/fp/1f9d2f8b1fb6c84b905c1d93ae6d2c9f-p_c.jpg
900,64,https://photos.zillowstatic.com/fp/44455db4eb257f3f20025b02b58d271a-p_c.jpg
901,64,https://photos.zillowstatic.com/fp/aa34e88e8d00fb69e39fd27672a20eaf-p_c.jpg
902,64,https://photos.zillowstatic.com/fp/53c11eae96360d6c88bf544da06beec7-p_c.jpg
903,64,https://photos.zillowstatic.com/fp/635a19a32428ae1fd05f6d3d4a422c06-p_c.jpg
904,64,https://photos.zillowstatic.com/fp/57e7410a55ecb7fffc0bfdc1888ee733-p_c.jpg
905,64,https://photos.zillowstatic.com/fp/eaa01ea14b2aed9b94b5f90be6b08f6e-p_c.jpg
906,64,https://photos.zillowstatic.com/fp/8681f9cdd7829a889647ffc58e9df57c-p_c.jpg
907,64,https://photos.zillowstatic.com/fp/6472e94deed3b316123025f67a15e6a5-p_c.jpg
908,64,https://photos.zillowstatic.com/fp/b821f313af8554a9e8b9beb04187a24d-p_c.jpg
909,64,https://photos.zillowstatic.com/fp/5e15a61206be38f2b9f808145eca573b-p_c.jpg
910,64,https://photos.zillowstatic.com/fp/c2fcdd28829e884ee1796ce035c5c623-p_c.jpg
911,64,https://photos.zillowstatic.com/fp/350b384695b6686d4241f7c875fe96a7-p_c.jpg
912,64,https://photos.zillowstatic.com/fp/b2333d6aaeac01f650a3f8fd0f431e34-p_c.jpg
913,65,https://photos.zillowstatic.com/fp/f2ace95d76dce82a8668bd6cc0f0b56d-p_h.jpg
914,65,https://photos.zillowstatic.com/fp/534028b7c02f656cca5cdf9bdbb15254-p_c.jpg
915,65,https://photos.zillowstatic.com/fp/1da6e8ddf762f760006462ace8b8afbc-p_c.jpg
916,65,https://photos.zillowstatic.com/fp/e258617eeee410c9c5e0b8d9f5cd4c1e-p_c.jpg
917,65,https://photos.zillowstatic.com/fp/25952d63b56478cd13f0a1bfad046a71-p_c.jpg
918,65,https://photos.zillowstatic.com/fp/4f68872a6f1dbe89b3e0a1428dc07ac4-p_c.jpg
919,65,https://photos.zillowstatic.com/fp/b612a7d730e959d856ec66f370733950-p_c.jpg
920,65,https://photos.zillowstatic.com/fp/3f1e695d8e1a4436595ff8a095e12c9d-p_c.jpg
921,65,https://photos.zillowstatic.com/fp/61ba875f7b789cf07993ace233ae095e-p_c.jpg
922,65,https://photos.zillowstatic.com/fp/38318cf26a145f0adcd6ff9325c9ec61-p_c.jpg
923,65,https://photos.zillowstatic.com/fp/1095836628ce797801631004a8a62361-p_c.jpg
924,65,https://photos.zillowstatic.com/fp/d415550922888fd54a0c83a67d67b8a7-p_c.jpg
925,65,https://photos.zillowstatic.com/fp/4d66b2221909efa3978054c4db5a9b5d-p_c.jpg
926,65,https://photos.zillowstatic.com/fp/cbdf7509fab412a46518d5d4355d0157-p_c.jpg
927,66,https://photos.zillowstatic.com/fp/be551d42cd16eae1487d9fdd9e99ba71-p_h.jpg
928,66,https://photos.zillowstatic.com/fp/af68308b7a92f588d84f354698d0ffe0-p_c.jpg
929,66,https://photos.zillowstatic.com/fp/e086ad8888201c383009832290f35b0a-p_c.jpg
930,66,https://photos.zillowstatic.com/fp/4da30021d30e26f25da8dd7e2fcf9a1a-p_c.jpg
931,66,https://photos.zillowstatic.com/fp/582e0c0d0e2ccbc975955b9bec75907c-p_c.jpg
932,66,https://photos.zillowstatic.com/fp/854a8dc64a4465459fb6fefe8865fca1-p_c.jpg
933,66,https://photos.zillowstatic.com/fp/732606d564f1a618eee59b2228de44da-p_c.jpg
934,66,https://photos.zillowstatic.com/fp/bb5ebc3ee1bf65ba386a82b5cc696810-p_c.jpg
935,66,https://photos.zillowstatic.com/fp/205058c004fa941ccb593e4422b4b145-p_c.jpg
936,67,https://photos.zillowstatic.com/fp/bf877424e2c1988c209689a63b9e1217-p_h.jpg
937,67,https://photos.zillowstatic.com/fp/56a105a5cc80419c35a7fd0ccdab6fff-p_c.jpg
938,67,https://photos.zillowstatic.com/fp/187a2dad3c4fd6c328a87ce4f6227a43-p_c.jpg
939,67,https://photos.zillowstatic.com/fp/40ad9cd6460fd78a77adaec3df6babf4-p_c.jpg
940,67,https://photos.zillowstatic.com/fp/0b0a5ad8aa7d1903eb82b85838308d6a-p_c.jpg
941,67,https://photos.zillowstatic.com/fp/96d48c83f65862c83ea36bd0c409c2a7-p_c.jpg
942,67,https://photos.zillowstatic.com/fp/b8f996ff74214d61549228bc5c733669-p_c.jpg
943,67,https://photos.zillowstatic.com/fp/9649f038795ff25fb1c412ffffb28e01-p_c.jpg
944,67,https://photos.zillowstatic.com/fp/e35c5343bac070c61688347830956ebd-p_c.jpg
945,67,https://photos.zillowstatic.com/fp/d28b8f38204d21394fa1b839b7529ec7-p_c.jpg
946,67,https://photos.zillowstatic.com/fp/1d379dcbdfe18c5ca82c678710457b72-p_c.jpg
